state_abbr,year_1_savings,lifetime_savings,median_bill_year_1,export_policy,savings_scenario,scenario_note,year_1_savings_net_metering,year_1_savings_net_billing,lifetime_savings_net_metering,lifetime_savings_net_billing,net_billing_weight_basis
AL,944.8387862887785,31967.23538650365,2003.2683532637022,net_billing_or_other,net billing,,1605.7127157306015,944.8387862887785,52975.15438635801,31967.23538650365,new_adopters (synapse_attachrate_75)
AR,705.1857136608813,23475.003932859447,1049.742408107244,net_billing_or_other,net billing,,818.9499739702937,705.1857136608813,27450.964484919245,23475.003932859447,new_adopters (synapse_attachrate_75)
AZ,1242.9875213025894,42117.10648438844,2087.564975951146,net_billing_or_other,net billing,,1747.5937193181996,1242.9875213025894,59617.39828400321,42117.10648438844,new_adopters (synapse_attachrate_75)
CA,1736.3877150441053,58908.824086949986,3217.8233713857094,net_billing_or_other,net billing,,1736.3877150441053,1736.3877150441053,58908.824086949986,58908.824086949986,new_adopters (synapse_attachrate_75)
CO,1231.6991288117904,42912.10468228116,1365.100834987723,net_metering,net metering,,1231.6991288117904,715.9984040357045,42912.10468228116,23995.93451689335,new_adopters (synapse_attachrate_75)
CT,2899.673495490232,100550.95136774391,3098.4965951572535,net_metering,net metering,,2899.673495490232,1414.878130525928,100550.95136774391,48247.06036984401,new_adopters (synapse_attachrate_75)
DC,758.7050181368186,25628.895966577187,937.7004898166005,not in DSIRE file,net metering,Not in the DSIRE file; DC has full-retail residential net metering,758.7050181368186,415.0425088842853,25628.895966577187,14090.966863502035,new_adopters (synapse_attachrate_75)
DE,1554.5072330077296,51226.51918607128,1920.2436522150492,net_metering,net metering,,1554.5072330077296,1003.9114303072864,51226.51918607128,33832.16745374201,new_adopters (synapse_attachrate_75)
FL,2441.4091740777058,82236.25082234143,2674.123310985985,net_metering,net metering,,2441.4091740777058,1535.9433935072218,82236.25082234143,51789.1758193876,new_adopters (synapse_attachrate_75)
GA,816.0378187542958,27220.335159990416,1346.5081339614546,net_billing_or_other,net billing,,1053.3684808526573,816.0378187542958,34894.128048552164,27220.335159990416,new_adopters (synapse_attachrate_75)
IA,1072.3874749120016,36527.52595077108,1304.4368905918595,net_metering,net metering,,1072.3874749120016,676.6302881162854,36527.52595077108,22673.792246202047,new_adopters (synapse_attachrate_75)
ID,803.0565327195162,26784.486266012187,1064.7609703594367,net_billing_or_other,net billing,,897.8791156636809,803.0565327195162,30956.628661910552,26784.486266012187,new_adopters (synapse_attachrate_75)
IL,810.6396410929912,27350.59127201108,1719.943491561179,net_billing_or_other,net billing,,1344.7852174668533,810.6396410929912,44668.9405947164,27350.59127201108,new_adopters (synapse_attachrate_75)
IN,757.4219344289772,25469.928279773365,1543.7423393538916,net_billing_or_other,net billing,,1207.6946654232506,757.4219344289772,40423.42387423746,25469.928279773365,new_adopters (synapse_attachrate_75)
KS,1030.570110404909,34464.623381541984,1310.2109988194827,net_metering,net metering,,1030.570110404909,916.6580996137591,34464.623381541984,30422.035870851585,new_adopters (synapse_attachrate_75)
KY,689.4192352164566,23074.14261224602,1305.8945652579346,net_billing_or_other,net billing,,1033.1556828121759,689.4192352164566,34572.52581677678,23074.14261224602,new_adopters (synapse_attachrate_75)
LA,1020.5008088939812,33994.49438580331,1762.039917041149,net_billing_or_other,net billing,,1395.1977698201897,1020.5008088939812,46041.01145057719,33994.49438580331,new_adopters (synapse_attachrate_75)
MA,2475.660697331929,82992.42985028599,2680.064107621695,net_metering,net metering,,2475.660697331929,1218.9008267852228,82992.42985028599,41446.84883462031,new_adopters (synapse_attachrate_75)
MD,2490.0653135962225,82088.64947083543,2668.6084699343623,net_metering,net metering,,2490.0653135962225,1276.5504923139151,82088.64947083543,43255.20066329357,new_adopters (synapse_attachrate_75)
ME,1674.519825624916,58390.4163907186,2043.6636865531068,net_metering,net metering,,1674.519825624916,903.1213628397593,58390.4163907186,30754.144182666867,new_adopters (synapse_attachrate_75)
MI,753.370632051849,25399.046691517862,1376.3841377482609,net_billing_or_other,net billing,,1181.5353782928642,753.370632051849,40023.91841994038,25399.046691517862,new_adopters (synapse_attachrate_75)
MN,1306.876232796936,44341.67359389719,1565.6625325379418,net_metering,net metering,,1306.876232796936,813.7757564653756,44341.67359389719,27455.08776778879,new_adopters (synapse_attachrate_75)
MO,1059.8077543036063,34832.30009280598,1392.4677256911004,net_metering,net metering,,1059.8077543036063,832.3002057449357,34832.30009280598,27614.633251356496,new_adopters (synapse_attachrate_75)
MS,775.8018409035999,26039.12254581758,1678.451562552477,net_billing_or_other,net billing,,1161.48397447106,775.8018409035999,38821.563130556126,26039.12254581758,new_adopters (synapse_attachrate_75)
MT,974.3009400562962,33820.28291617937,1273.8056001764724,net_metering,net metering,,974.3009400562962,667.3379132855891,33820.28291617937,22251.824203042066,new_adopters (synapse_attachrate_75)
NC,1397.8596123836755,46448.70314513208,1709.8684964903223,net_metering,net metering,,1397.8596123836755,929.4207640889995,46448.70314513208,31249.909988521413,new_adopters (synapse_attachrate_75)
ND,955.0685203838889,32144.838581291944,1389.2943102460042,net_metering,net metering,,955.0685203838889,808.604582658333,32144.838581291944,26845.029027197626,new_adopters (synapse_attachrate_75)
NE,980.1759581899894,32511.024606776347,1371.8202890546384,net_metering,net metering,,980.1759581899894,827.2772106190539,32511.024606776347,27591.003074651027,new_adopters (synapse_attachrate_75)
NH,1338.2260249436029,45948.643743442444,1924.866518181896,net_metering,average of net metering and net billing,"Exports credited at supply + transmission + 25% of distribution, between retail and avoided cost",1700.7619416813302,975.6901082058754,58739.860077894664,33157.42740899023,new_adopters (synapse_attachrate_75)
NJ,2256.768199745952,77589.86404475672,2390.257256810725,net_metering,net metering,,2256.768199745952,1159.0524713671896,77589.86404475672,39381.88883516924,new_adopters (synapse_attachrate_75)
NM,1029.6362347577965,34526.88254363678,1255.0400645408556,net_metering,net metering,,1029.6362347577965,746.7316219165064,34526.88254363678,25015.840687341428,new_adopters (synapse_attachrate_75)
NV,2125.8954506321725,71412.19107220066,3064.536213021387,net_metering,average of net metering and net billing,Exports credited at 75% of retail,2730.2572388700587,1521.533662394286,91305.56112520107,51518.82101920024,new_adopters (synapse_attachrate_75)
NY,1811.0478215543803,59830.09997350788,2203.2459556886433,net_metering,net metering,,1811.0478215543803,1000.3020843983581,59830.09997350788,34148.24586000707,new_adopters (synapse_attachrate_75)
OH,1476.217527930491,50001.6203813062,1803.2463817239657,net_metering,net metering,,1476.217527930491,874.6739393674526,50001.6203813062,29500.906736234574,new_adopters (synapse_attachrate_75)
OK,1085.4671876812968,35936.201320908964,1445.6069600288379,net_metering,net metering,,1085.4671876812968,1027.4410876850925,35936.201320908964,34076.69658595468,new_adopters (synapse_attachrate_75)
OR,1515.6950370358666,51492.21148046553,1933.3306626104786,net_metering,net metering,,1515.6950370358666,957.0895953693705,51492.21148046553,32267.198974133273,new_adopters (synapse_attachrate_75)
PA,1546.2996984502913,52381.11939620892,1893.2289031770326,net_metering,net metering,,1546.2996984502913,913.4082267144987,52381.11939620892,30884.931507672016,new_adopters (synapse_attachrate_75)
RI,2040.2807175418268,69638.55291350614,2205.545077509656,net_metering,net metering,,2040.2807175418268,1095.265760085641,69638.55291350614,37246.7024219066,new_adopters (synapse_attachrate_75)
SC,1465.7272182690099,49372.95260000677,1876.880240616196,net_metering,net metering,,1465.7272182690099,954.331894029232,49372.95260000677,32054.94022529431,new_adopters (synapse_attachrate_75)
SD,965.5948224887645,32397.66274023327,1694.574501198375,net_billing_or_other,net billing,,1237.391264589053,965.5948224887645,41128.80677105027,32397.66274023327,new_adopters (synapse_attachrate_75)
TN,653.121960920657,21825.26285603863,1192.450938501808,none,net billing,No export compensation; the net billing run's wholesale export credit overstates savings,898.2884026751707,653.121960920657,29597.04347879665,21825.26285603863,new_adopters (synapse_attachrate_75)
TX,1474.53172116508,49203.50582748196,2166.1791446299417,mixed,average of net metering and net billing,No statewide rule; export credit is up to each retail electric provider,1797.5614538635257,1151.5019884666344,59485.815149612885,38921.196505351036,new_adopters (synapse_attachrate_75)
UT,925.1557244039743,31152.267348478734,1537.3192269398544,net_billing_or_other,net billing,,1279.8012918456793,925.1557244039743,42543.50722108665,31152.267348478734,new_adopters (synapse_attachrate_75)
VA,1714.0999005173644,56955.289612627195,2009.5138943140737,net_metering,net metering,,1714.0999005173644,1033.3460929341527,56955.289612627195,34790.0107308727,new_adopters (synapse_attachrate_75)
VT,571.6089912219666,19209.484173722332,1053.1960294494004,net_billing_or_other,net billing,,912.5580211460469,571.6089912219666,31010.463868610816,19209.484173722332,new_adopters (synapse_attachrate_75)
WA,896.9516103708336,30077.47904435858,1181.039607170717,net_metering,net metering,,896.9516103708336,650.9511326734805,30077.47904435858,21677.867155044067,new_adopters (synapse_attachrate_75)
WI,1218.571192622099,41073.94642815364,1374.703085116362,net_metering,net metering,,1218.571192622099,692.9713327391007,41073.94642815364,23505.83691574953,new_adopters (synapse_attachrate_75)
WV,772.1225689755372,26145.583826666934,1682.0126080436758,net_billing_or_other,net billing,,1396.2553008477844,772.1225689755372,46254.60249849775,26145.583826666934,new_adopters (synapse_attachrate_75)
WY,790.5503715796037,27639.27555362921,1054.9718129477576,net_metering,net metering,,790.5503715796037,469.8545905834119,27639.27555362921,16004.855212255748,new_adopters (synapse_attachrate_75)
