state_abbr,year_1_savings,lifetime_savings,median_bill_year_1
AL,1605.7127157306015,52975.15438635801,2003.2683532637022
AR,818.9499739702937,27450.964484919245,1049.742408107244
AZ,1747.5937193181996,59617.39828400321,2087.564975951146
CA,1736.3877150441053,58908.824086949986,3217.8233713857094
CO,1231.6991288117904,42912.10468228116,1365.100834987723
CT,2899.673495490232,100550.95136774391,3098.4965951572535
DC,758.7050181368186,25628.895966577187,937.7004898166005
DE,1554.5072330077296,51226.51918607128,1920.2436522150492
FL,2441.4091740777058,82236.25082234143,2674.123310985985
GA,1053.3684808526573,34894.128048552164,1346.5081339614546
IA,1072.3874749120016,36527.52595077108,1304.4368905918595
ID,897.8791156636809,30956.628661910552,1064.7609703594367
IL,1344.7852174668533,44668.9405947164,1719.943491561179
IN,1207.6946654232506,40423.42387423746,1543.7423393538916
KS,1030.570110404909,34464.623381541984,1310.2109988194827
KY,1033.1556828121759,34572.52581677678,1305.8945652579346
LA,1395.1977698201897,46041.01145057719,1762.039917041149
MA,2475.660697331929,82992.42985028599,2680.064107621695
MD,2490.0653135962225,82088.64947083543,2668.6084699343623
ME,1674.519825624916,58390.4163907186,2043.6636865531068
MI,1181.5353782928642,40023.91841994038,1376.3841377482609
MN,1306.876232796936,44341.67359389719,1565.6625325379418
MO,1059.8077543036063,34832.30009280598,1392.4677256911004
MS,1161.48397447106,38821.563130556126,1678.451562552477
MT,974.3009400562962,33820.28291617937,1273.8056001764724
NC,1397.8596123836755,46448.70314513208,1709.8684964903223
ND,955.0685203838889,32144.838581291944,1389.2943102460042
NE,980.1759581899894,32511.024606776347,1371.8202890546384
NH,1700.7619416813302,58739.860077894664,1924.866518181896
NJ,2256.768199745952,77589.86404475672,2390.257256810725
NM,1029.6362347577965,34526.88254363678,1255.0400645408556
NV,2730.2572388700587,91305.56112520107,3064.536213021387
NY,1811.0478215543803,59830.09997350788,2203.2459556886433
OH,1476.217527930491,50001.6203813062,1803.2463817239657
OK,1085.4671876812968,35936.201320908964,1445.6069600288379
OR,1515.6950370358666,51492.21148046553,1933.3306626104786
PA,1546.2996984502913,52381.11939620892,1893.2289031770326
RI,2040.2807175418268,69638.55291350614,2205.545077509656
SC,1465.7272182690099,49372.95260000677,1876.880240616196
SD,1237.391264589053,41128.80677105027,1694.574501198375
TN,898.2884026751707,29597.04347879665,1192.450938501808
TX,1797.5614538635257,59485.815149612885,2166.1791446299417
UT,1279.8012918456793,42543.50722108665,1537.3192269398544
VA,1714.0999005173644,56955.289612627195,2009.5138943140737
VT,912.5580211460469,31010.463868610816,1053.1960294494004
WA,896.9516103708336,30077.47904435858,1181.039607170717
WI,1218.571192622099,41073.94642815364,1374.703085116362
WV,1396.2553008477844,46254.60249849775,1682.0126080436758
WY,790.5503715796037,27639.27555362921,1054.9718129477576
