state,utility,Tesla,Enphase,ConnectDER
Arizona,Arizona Public Service,Approved,Approved,Approved
Arizona,Hohokam Irrigation and Drainage District,Approved,Approved,
Arizona,Salt River Project,Approved,Approved,Approved
Arizona,Sulphur Springs Valley Electric Cooperative,Approved,Approved,Approved
Arizona,Trico Electric Cooperative,,Approved,
Arizona,Tucson Electric Power,Approved,Approved,Approved
Arizona,UniSource Energy,,Pilot,
California,Lathrop Irrigation District,Approved,Approved,
California,Pacific Gas and Electric,Approved,Approved,Approved
California,Pacific Power,Approved,Approved,Approved
California,Plumas-Sierra Rural Electric Cooperative,,Approved,
California,Sacramento Municipal Utility District,Approved,Approved,Approved
California,San Diego Gas and Electric,Approved,Approved,Approved
California,Southern California Edison,Approved,Approved,Approved
Colorado,Black Hills Energy,Approved,Approved,Approved
Colorado,City of Longmont,,Approved,
Colorado,Estes Park Utilities,,Approved,
Colorado,Fort Collins Light and Power,Approved,Approved,Approved
Colorado,Grand Valley Power,,Approved,
Colorado,Holy Cross Energy,,Approved,Approved
Colorado,La Plata Electric Association,,Approved,Approved
Colorado,Poudre Valley Rural Electric Association,Approved,Approved,
Colorado,San Isabel Electric,,Approved,
Colorado,Xcel Energy,Approved,,Approved
Colorado,Yampa Valley Electric Association,,Approved,
Connecticut,Eversource,Approved,Approved,Approved
Connecticut,United Illuminating,,Pilot,
Delaware,Delaware Electric Cooperative,Approved,,
Delaware,Delmarva Power,Approved,Approved,Approved
District of Columbia,Pepco,Approved,,Approved
Florida,City of Tallahassee,,Approved,Approved
Florida,Orlando Utilities Commission,Approved,Approved,
Georgia,Central Georgia EMC,,Approved,
Georgia,Coweta-Fayette EMC,,Approved,
Georgia,Walton EMC,,Approved,
Hawaii,Hawaiian Electric,Approved,Pilot,Pending
Idaho,Idaho Falls Power,,,Approved
Idaho,Rocky Mountain Power,,Approved,Approved
Illinois,Ameren,Approved,Approved,Approved
Illinois,City of Highland Light and Power,,Case-by-case,
Illinois,Commonwealth Edison,Approved,Approved,Approved
Illinois,MidAmerican Energy,,Approved,
Indiana,Lawrenceburg Municipality Utilities,,Approved,
Indiana,Lebanon Utilities,,Approved,
Indiana,Richmond Power and Light,,Approved,
Iowa,MidAmerican Energy,,Approved,
Kansas,Evergy,Approved,,Approved
Maine,Versant Power,Approved,,
Maryland,Baltimore Gas and Electric,Approved,Approved,Approved
Maryland,Delmarva Power,Approved,Approved,Approved
Maryland,Pepco,Approved,Approved,Approved
Maryland,Potomac Edison,Approved,Approved,Approved
Maryland,Southern Maryland Electric Cooperative,,Approved,Approved
Michigan,Traverse City Light and Power,Approved,Approved,
Missouri,Evergy,Approved,,Approved
Montana,Black Hills Energy,Approved,Approved,
Montana,Flathead Electric Cooperative,,,Approved
Nebraska,Nebraska Public Power District,,Approved,Approved
Nebraska,Omaha Public Power District,,Approved,Approved
Nevada,NV Energy,Approved,Approved,Approved
Nevada,Valley Electric Association,,,Approved
New Jersey,Atlantic City Electric,Approved,Approved,Approved
New Jersey,Jersey Central Power and Light,Approved,Approved,Approved
New Jersey,Public Service Electric and Gas,Approved,,Approved
New Jersey,Rockland Electric Co,,,Approved
New Mexico,Los Alamos County Utilities,Approved,Approved,
North Carolina,Wake Electric,,,Approved
Nova Scotia,Nova Scotia Power,,Approved,
Ohio,Buckeye Rural Electric Cooperative,,Approved,Approved
Ohio,Tipp City,,,Approved
Ohio,Westerville Electric,,Approved,Approved
Ohio,Yellow Springs Electric,,Approved,Approved
Oklahoma,Oklahoma Electric Cooperative,,Approved,
Oregon,Central Electric Cooperative,Approved,Approved,
Oregon,Consumers Power Inc.,,,Approved
Oregon,Pacific Power,Approved,Approved,Approved
Pennsylvania,Met-Ed,,,Pending
Pennsylvania,PECO,,,Approved
Pennsylvania,Penelec,,,Pending
Pennsylvania,Penn Power,,,Pending
Pennsylvania,PPL Electric Utilities,Approved,,
Pennsylvania,West Penn Power,,,Pending
Saskatchewan,Saskatoon Light & Power,,Approved,
South Carolina,Aiken Electric Cooperative,,Approved,
South Carolina,Horry Electric Cooperative,,Approved,
South Dakota,Black Hills Energy,Approved,Approved,
South Dakota,MidAmerican Energy,,Approved,
South Dakota,West River Electric Association,Approved,Approved,
Texas,Austin Energy,Approved,Approved,Approved
Texas,Bandera Electric Cooperative,,Approved,
Texas,Bluebonnet Electric Cooperative,Approved,Approved,
Texas,CoServ Electric Cooperative,Approved,Approved,
Texas,Farmers Electric Cooperative,,Approved,
Texas,Grayson-Collin Electric Cooperative,Approved,,
Utah,Dixie Power,,Approved,
Utah,Kaysville City Power,Approved,,
Utah,Rocky Mountain Power,Approved,Approved,Approved
Utah,St. George Utilities,,Approved,
Utah,Washington City Utility,,Approved,
Vermont,Burlington Electric Department,,Approved,
Vermont,Green Mountain Power,Approved,Approved,Approved
Vermont,Lyndonville Electric,Approved,,
Vermont,Vermont Electric Cooperative,Approved,Approved,
Vermont,Washington Electric Cooperative,Approved,Approved,
Virginia,Appalachian Power,,,Approved
Virginia,Virginia Tech Electric,,,Approved
Washington,Pacific Power,Approved,Approved,Approved
Washington,Tacoma Public Utilities,Approved,Approved,
West Virginia,Appalachian Power,,,Approved
Wisconsin,Eau Claire Energy Cooperative,Approved,Approved,
Wisconsin,Sturgeon Bay Utilities,Approved,Approved,
Wyoming,Black Hills Energy,Approved,Approved,
Wyoming,Rocky Mountain Power,,Approved,Approved
Wyoming,Yampa Valley Electric Association,,Approved,
