State,Population,Population where any device is approved,% of population where any device is approved,% of population where Tesla is approved,% of population where Enphase is approved,% of population where ConnectDER is approved,Utilities,Utilities where any device is approved
Alabama,4948160,0,0.0,0.0,0.0,0.0,62,0
Alaska,704933,0,0.0,0.0,0.0,0.0,66,0
Arizona,7217416,6520793,90.3,88.7,90.3,88.6,46,6
Arkansas,2966576,0,0.0,0.0,0.0,0.0,36,0
California,38419212,31463356,81.9,81.9,81.9,81.8,60,7
Colorado,5737484,3977758,69.3,61.5,15.9,62.9,59,11
Connecticut,3521960,2663053,75.6,75.6,75.6,75.6,10,1
Delaware,997898,857076,85.9,85.9,64.0,64.0,11,2
District of Columbia,647013,647013,100.0,100.0,0.0,100.0,1,1
Florida,21939308,779665,3.6,2.6,3.6,0.9,52,2
Georgia,10690638,621708,5.8,0.0,5.8,0.0,96,3
Hawaii,1405082,1302635,92.7,92.7,0.0,0.0,4,3
Idaho,1884214,243670,12.9,0.0,9.4,12.9,31,2
Illinois,12405975,11256066,90.7,89.5,90.7,89.5,72,3
Indiana,6671678,59858,0.9,0.0,0.9,0.0,117,3
Iowa,3111024,1373035,44.1,0.0,44.1,0.0,180,1
Kansas,2860497,1935849,67.7,67.7,0.0,67.7,150,3
Kentucky,4413940,0,0.0,0.0,0.0,0.0,59,0
Louisiana,4488127,0,0.0,0.0,0.0,0.0,38,0
Maine,1347076,244883,18.2,18.2,0.0,0.0,9,1
Maryland,6076810,5892474,97.0,90.2,97.0,97.0,12,5
Massachusetts,6798979,0,0.0,0.0,0.0,0.0,44,0
Michigan,9863278,19436,0.2,0.2,0.2,0.0,57,1
Minnesota,5601148,0,0.0,0.0,0.0,0.0,171,0
Mississippi,2856120,0,0.0,0.0,0.0,0.0,51,0
Missouri,6028064,1188051,19.7,19.7,0.0,19.7,130,2
Montana,1087594,125695,11.6,0.0,0.0,11.6,36,2
Nebraska,1931011,940166,48.7,0.0,48.7,48.7,152,2
Nevada,3148260,3046278,96.8,95.0,95.0,96.8,18,3
New Hampshire,1353835,0,0.0,0.0,0.0,0.0,9,0
New Jersey,9173350,9014636,98.3,96.4,41.3,98.3,14,4
New Mexico,2077202,16079,0.8,0.8,0.8,0.0,32,1
New York,19227423,0,0.0,0.0,0.0,0.0,61,0
North Carolina,10451241,111944,1.1,0.0,0.0,1.1,108,1
North Dakota,756045,0,0.0,0.0,0.0,0.0,37,0
Ohio,11519648,88108,0.8,0.0,0.7,0.8,117,4
Oklahoma,3911308,121969,3.1,0.0,3.1,0.0,95,1
Oregon,4153549,1319422,31.8,30.7,30.7,29.9,42,3
Pennsylvania,12589066,6584849,52.3,24.2,0.0,28.2,57,2
Rhode Island,1057168,0,0.0,0.0,0.0,0.0,3,0
South Carolina,5157577,267893,5.2,0.0,5.2,0.0,46,2
South Dakota,875246,168326,19.2,18.2,19.2,0.0,73,3
Tennessee,6917932,0,0.0,0.0,0.0,0.0,88,0
Texas,29571701,2460403,8.3,7.4,7.6,3.5,149,6
Utah,3337860,2664610,79.8,75.0,79.1,74.3,51,5
Vermont,622186,571870,91.9,86.5,90.3,70.8,17,5
Virginia,8469077,1018851,12.0,0.0,0.0,12.0,32,2
Washington,7661923,687458,9.0,9.0,9.0,3.7,63,2
West Virginia,1726398,693245,40.2,0.0,0.0,40.2,9,1
Wisconsin,5774449,34156,0.6,0.6,0.6,0.0,117,2
Wyoming,568743,316679,55.7,14.2,55.7,41.3,36,4
United States,326722402,101299016,31.0,27.5,24.0,27.6,3086,112
