state,ahj_geoid,num_applications,num_finaled,pct_cancelled,year
California,666000,14128,11048,0.218006795,2022_2023
California,6073,10227,8575,0.161533196,2022_2023
California,6065,8206,6699,0.183646113,2022_2023
Hawaii,15003,6938,6335,0.086912655,2022_2023
California,644000,4384,3722,0.15100365,2022_2023
Florida,12095,3981,2885,0.275307712,2022_2023
Nevada,3231900,3250,2805,0.136923077,2022_2023
Arizona,4013,3570,2806,0.214005602,2022_2023
Texas,4865000,4208,2826,0.328422053,2022_2023
California,6029,3938,2708,0.31234129,2022_2023
Nevada,3251800,3270,2740,0.162079511,2022_2023
New Mexico,3502000,3664,3641,0.006277293,2022_2023
California,613392,4046,4036,0.002471577,2022_2023
Texas,4827000,3047,2333,0.234328848,2022_2023
Texas,4824000,2752,2462,0.105377907,2022_2023
California,6013,3293,2257,0.314606742,2022_2023
Florida,12105,2069,1657,0.199130014,2022_2023
Colorado,804000,2566,2113,0.176539361,2022_2023
California,653322,2816,2201,0.218394886,2022_2023
California,6079,2240,1422,0.365178571,2022_2023
Florida,12101,2100,2042,0.027619048,2022_2023
Oklahoma,4055000,2111,1609,0.23780199,2022_2023
California,653000,2611,1388,0.468402911,2022_2023
Nevada,32003,1470,1222,0.168707483,2022_2023
Florida,12097,1903,1452,0.23699422,2022_2023
Florida,12071,1818,1460,0.196919692,2022_2023
Florida,1210275,1999,1039,0.48024012,2022_2023
California,675000,2229,2106,0.055181696,2022_2023
Pennsylvania,4260000,1375,1223,0.110545455,2022_2023
California,682590,2135,1440,0.325526932,2022_2023
California,6107,1830,1489,0.186338798,2022_2023
Florida,12086,1638,1305,0.203296703,2022_2023
California,636770,3016,1713,0.432029178,2022_2023
California,678120,2268,1903,0.160934744,2022_2023
California,682954,2506,2319,0.07462091,2022_2023
Florida,12015,1496,1448,0.032085561,2022_2023
California,6061,1830,1192,0.34863388,2022_2023
California,614218,2957,1782,0.397362191,2022_2023
California,649270,1977,1505,0.238745574,2022_2023
California,6097,1794,1509,0.158862876,2022_2023
California,616350,1757,1549,0.118383608,2022_2023
Maryland,24031,1306,1139,0.127871363,2022_2023
Florida,1258715,1379,1159,0.159535896,2022_2023
California,626000,2206,1161,0.473708069,2022_2023
Florida,12083,1546,1154,0.253557568,2022_2023
Florida,12099,1636,1239,0.242665037,2022_2023
California,613014,1825,1611,0.117260274,2022_2023
California,602252,1670,1347,0.193413174,2022_2023
California,623182,1503,1176,0.21756487,2022_2023
Arizona,407940,1477,1333,0.097494922,2022_2023
Washington,5363000,1308,1216,0.070336391,2022_2023
Virginia,5182000,1391,1270,0.086987779,2022_2023
Colorado,8077,1369,1325,0.032140248,2022_2023
Nevada,3260600,1145,675,0.410480349,2022_2023
Florida,1254000,1227,1087,0.11409943,2022_2023
California,6039,2152,1627,0.243959108,2022_2023
Massachusetts,2567000,963,630,0.345794393,2022_2023
California,622020,845,792,0.062721893,2022_2023
Virginia,51059,1110,887,0.200900901,2022_2023
California,678582,1487,1041,0.299932751,2022_2023
California,645484,1120,1120,0,2022_2023
California,6017,1885,1808,0.040848806,2022_2023
California,656700,1143,585,0.488188976,2022_2023
Maryland,24003,1060,931,0.121698113,2022_2023
California,653896,1269,693,0.453900709,2022_2023
Texas,4804000,1127,761,0.324755989,2022_2023
California,6007,1282,1117,0.128705148,2022_2023
Virginia,51153,1026,908,0.115009747,2022_2023
California,633000,1102,774,0.297640653,2022_2023
Kentucky,2148006,1118,913,0.183363148,2022_2023
California,662000,1000,840,0.16,2022_2023
California,682996,1219,921,0.244462674,2022_2023
California,669088,1416,1250,0.117231638,2022_2023
California,668196,1310,1159,0.115267176,2022_2023
Oregon,4159000,785,771,0.017834395,2022_2023
Florida,12021,948,504,0.46835443,2022_2023
California,631960,835,693,0.17005988,2022_2023
Colorado,807850,1122,766,0.317290553,2022_2023
California,662364,1360,1157,0.149264706,2022_2023
California,6057,1101,975,0.114441417,2022_2023
Virginia,5116000,1068,1019,0.04588015,2022_2023
California,641992,1232,1019,0.17288961,2022_2023
California,680238,1211,1069,0.117258464,2022_2023
Texas,4845000,781,705,0.09731114,2022_2023
Florida,12081,955,765,0.19895288,2022_2023
Texas,4819000,1606,927,0.422789539,2022_2023
California,628000,1136,811,0.286091549,2022_2023
Florida,12103,827,806,0.025392987,2022_2023
Florida,12009,898,690,0.231625835,2022_2023
California,6083,1149,980,0.147084421,2022_2023
California,620018,1198,1090,0.09015025,2022_2023
Nevada,32031,732,608,0.169398907,2022_2023
California,637692,1533,1123,0.267449446,2022_2023
California,608142,1019,985,0.033366045,2022_2023
California,636000,1514,815,0.461690885,2022_2023
New York,3605934000,796,639,0.197236181,2022_2023
California,653980,1122,956,0.147950089,2022_2023
Colorado,803455,945,710,0.248677249,2022_2023
Arizona,412000,941,749,0.204038257,2022_2023
Virginia,51107,623,512,0.178170144,2022_2023
California,639496,1286,864,0.3281493,2022_2023
Florida,1253000,844,769,0.088862559,2022_2023
California,616000,1063,910,0.143932267,2022_2023
California,686972,951,698,0.266035752,2022_2023
New Mexico,3539380,919,888,0.033732318,2022_2023
Maryland,24027,700,662,0.054285714,2022_2023
California,659451,1363,757,0.444607483,2022_2023
Oklahoma,4075000,407,318,0.218673219,2022_2023
California,657792,1036,1035,0.000965251,2022_2023
California,658520,898,782,0.129175947,2022_2023
California,658240,838,686,0.181384248,2022_2023
Arizona,485540,710,638,0.101408451,2022_2023
California,613214,850,768,0.096470588,2022_2023
Virginia,51041,706,615,0.128895184,2022_2023
California,606000,892,844,0.053811659,2022_2023
California,664000,748,632,0.155080214,2022_2023
California,677000,795,644,0.189937107,2022_2023
California,6089,735,637,0.133333333,2022_2023
California,684816,799,712,0.108886108,2022_2023
California,650076,498,446,0.104417671,2022_2023
New York,3610304000,650,650,0,2022_2023
Nevada,3268400,617,466,0.244732577,2022_2023
California,650258,832,721,0.133413462,2022_2023
California,687042,1191,915,0.231738035,2022_2023
Texas,4827684,996,845,0.151606426,2022_2023
California,660620,789,626,0.206590621,2022_2023
North Carolina,3755000,644,603,0.063664596,2022_2023
Missouri,2938000,639,532,0.167449139,2022_2023
California,633182,561,485,0.135472371,2022_2023
California,665084,895,773,0.136312849,2022_2023
Colorado,812415,747,642,0.140562249,2022_2023
California,686832,883,831,0.058890147,2022_2023
California,653070,761,676,0.111695138,2022_2023
Colorado,883835,708,618,0.127118644,2022_2023
California,640004,762,598,0.215223097,2022_2023
California,649278,725,625,0.137931034,2022_2023
California,655184,842,775,0.079572447,2022_2023
Colorado,843000,795,678,0.147169811,2022_2023
Colorado,827425,621,551,0.112721417,2022_2023
Florida,12069,611,550,0.099836334,2022_2023
California,639248,832,586,0.295673077,2022_2023
California,656784,766,669,0.126631854,2022_2023
California,683346,709,635,0.104372355,2022_2023
Virginia,51179,725,632,0.128275862,2022_2023
Idaho,1608830,740,592,0.2,2022_2023
Oregon,4105800,713,669,0.06171108,2022_2023
California,668154,533,430,0.193245779,2022_2023
Florida,12055,526,326,0.380228137,2022_2023
Florida,12109,729,667,0.085048011,2022_2023
Massachusetts,2509000,1040,532,0.488461538,2022_2023
California,654652,705,551,0.218439716,2022_2023
Virginia,51087,479,456,0.048016701,2022_2023
Colorado,832155,640,573,0.1046875,2022_2023
Colorado,812815,600,541,0.098333333,2022_2023
Texas,4830464,623,378,0.393258427,2022_2023
Texas,4847892,648,435,0.328703704,2022_2023
Texas,4858016,676,568,0.159763314,2022_2023
California,6115,968,739,0.236570248,2022_2023
Wisconsin,5548000,455,414,0.09010989,2022_2023
Texas,4845744,731,577,0.210670315,2022_2023
New Mexico,35001,594,594,0,2022_2023
California,639486,924,773,0.163419913,2022_2023
Florida,1254200,511,441,0.136986301,2022_2023
California,6053,586,318,0.457337884,2022_2023
California,670224,900,796,0.115555556,2022_2023
California,669196,541,420,0.223659889,2022_2023
California,681666,894,657,0.265100671,2022_2023
California,617988,608,365,0.399671053,2022_2023
Massachusetts,2537490,451,339,0.248337029,2022_2023
California,630000,430,385,0.104651163,2022_2023
California,648354,421,304,0.277909739,2022_2023
Louisiana,2255000,,,,2022_2023
Colorado,816495,531,458,0.13747646,2022_2023
California,668378,857,604,0.295215869,2022_2023
Connecticut,908420,505,404,0.2,2022_2023
California,667112,497,308,0.38028169,2022_2023
California,659444,203,154,0.24137931,2022_2023
California,603064,516,449,0.129844961,2022_2023
California,643280,525,479,0.087619048,2022_2023
Colorado,809280,546,493,0.097069597,2022_2023
California,664224,484,394,0.185950413,2022_2023
Illinois,1712385,343,308,0.102040816,2022_2023
California,652582,548,450,0.178832117,2022_2023
California,686328,806,678,0.158808933,2022_2023
California,680854,626,445,0.28913738,2022_2023
New Jersey,3402382000,433,391,0.096997691,2022_2023
Arizona,451600,508,474,0.066929134,2022_2023
California,668252,536,437,0.184701493,2022_2023
Connecticut,911022630,441,340,0.229024943,2022_2023
Maryland,24017,373,332,0.109919571,2022_2023
Massachusetts,2500123105,405,266,0.343209877,2022_2023
California,630014,565,464,0.178761062,2022_2023
Florida,12017,285,210,0.263157895,2022_2023
Virginia,51177,519,468,0.098265896,2022_2023
California,6075,,,,2022_2023
California,668364,516,436,0.15503876,2022_2023
California,647766,511,432,0.154598826,2022_2023
California,6081,457,441,0.035010941,2022_2023
California,680000,722,671,0.070637119,2022_2023
California,668028,516,461,0.106589147,2022_2023
South Carolina,45083,421,313,0.256532067,2022_2023
California,641152,368,306,0.168478261,2022_2023
Colorado,857630,397,383,0.035264484,2022_2023
California,662546,402,345,0.141791045,2022_2023
California,669112,431,382,0.113689095,2022_2023
Connecticut,911044700,420,420,0,2022_2023
Arizona,444410,338,267,0.210059172,2022_2023
North Carolina,3774440,400,227,0.4325,2022_2023
Utah,4967000,421,414,0.016627078,2022_2023
Maryland,24025,375,318,0.152,2022_2023
Virginia,5156000,362,322,0.110497238,2022_2023
California,659962,157,140,0.108280255,2022_2023
California,6023,458,328,0.283842795,2022_2023
Florida,1262625,426,363,0.147887324,2022_2023
Oregon,41005,409,317,0.224938875,2022_2023
Texas,4813024,417,274,0.342925659,2022_2023
California,6099,410,409,0.002439024,2022_2023
Arizona,4003,352,288,0.181818182,2022_2023
California,646114,401,336,0.162094763,2022_2023
California,659514,425,370,0.129411765,2022_2023
Texas,4841980,437,425,0.027459954,2022_2023
Florida,12091,431,268,0.378190255,2022_2023
Connecticut,911070550,394,337,0.144670051,2022_2023
California,651182,591,326,0.448392555,2022_2023
California,642202,323,308,0.046439628,2022_2023
North Carolina,3710740,329,314,0.045592705,2022_2023
Oregon,4131250,277,270,0.025270758,2022_2023
Florida,1224000,324,217,0.330246914,2022_2023
California,644112,407,337,0.171990172,2022_2023
Texas,4876000,338,212,0.372781065,2022_2023
California,683542,339,293,0.135693215,2022_2023
California,618394,558,323,0.421146953,2022_2023
Massachusetts,2502690,236,183,0.224576271,2022_2023
Virginia,5157000,556,449,0.192446043,2022_2023
Colorado,8035,,,,2022_2023
Nevada,3224900,204,121,0.406862745,2022_2023
Florida,1216525,321,271,0.15576324,2022_2023
Colorado,8013,290,237,0.182758621,2022_2023
California,639290,360,260,0.277777778,2022_2023
North Carolina,37021,290,220,0.24137931,2022_2023
California,622300,363,315,0.132231405,2022_2023
California,612552,387,347,0.103359173,2022_2023
Pennsylvania,4261000,288,233,0.190972222,2022_2023
California,648914,358,358,0,2022_2023
Florida,1243975,291,277,0.048109966,2022_2023
Connecticut,918430,255,204,0.2,2022_2023
Florida,1236950,313,230,0.265175719,2022_2023
Georgia,13135,384,194,0.494791667,2022_2023
Florida,1212875,256,165,0.35546875,2022_2023
California,616532,504,333,0.339285714,2022_2023
California,659920,338,322,0.047337278,2022_2023
California,617946,359,306,0.147632312,2022_2023
Idaho,1612250,337,282,0.163204748,2022_2023
Florida,12019,292,224,0.232876712,2022_2023
Arizona,473000,307,271,0.117263844,2022_2023
Texas,4856348,485,286,0.410309278,2022_2023
New Hampshire,3314200,231,191,0.173160173,2022_2023
California,660102,311,272,0.125401929,2022_2023
Florida,1235000,,,,2022_2023
Wisconsin,5553000,220,151,0.313636364,2022_2023
California,681554,2,2,0,2022_2023
California,656000,214,164,0.23364486,2022_2023
Connecticut,949880,268,218,0.186567164,2022_2023
California,639220,340,277,0.185294118,2022_2023
California,685292,455,278,0.389010989,2022_2023
California,654232,336,306,0.089285714,2022_2023
Washington,5370000,274,273,0.003649635,2022_2023
Arizona,446000,193,166,0.139896373,2022_2023
Oklahoma,4009050,192,137,0.286458333,2022_2023
California,646870,248,158,0.362903226,2022_2023
Maryland,24021,266,245,0.078947368,2022_2023
Arizona,457380,316,279,0.117088608,2022_2023
California,621796,280,226,0.192857143,2022_2023
Texas,4819972,294,271,0.078231293,2022_2023
Maryland,24013,222,127,0.427927928,2022_2023
Montana,3050200,133,132,0.007518797,2022_2023
Indiana,1836003,255,212,0.168627451,2022_2023
Florida,12085,310,239,0.229032258,2022_2023
North Carolina,37183,409,321,0.215158924,2022_2023
Iowa,1921000,289,183,0.366782007,2022_2023
Florida,1214400,257,199,0.225680934,2022_2023
Illinois,1703012,399,316,0.20802005,2022_2023
California,645778,247,246,0.004048583,2022_2023
Idaho,16027,247,170,0.311740891,2022_2023
Michigan,2603000,186,183,0.016129032,2022_2023
Utah,4920810,253,235,0.071146245,2022_2023
Oregon,4105350,228,120,0.473684211,2022_2023
Florida,12001,273,184,0.326007326,2022_2023
Colorado,8001,322,304,0.055900621,2022_2023
Florida,1278250,223,199,0.107623318,2022_2023
Washington,5357745,260,216,0.169230769,2022_2023
California,609598,262,235,0.103053435,2022_2023
Missouri,29189,227,156,0.31277533,2022_2023
California,640704,251,203,0.19123506,2022_2023
California,665070,228,203,0.109649123,2022_2023
California,685922,212,189,0.108490566,2022_2023
Florida,1263650,242,218,0.099173554,2022_2023
Colorado,8069,249,233,0.064257028,2022_2023
Washington,5351300,210,155,0.261904762,2022_2023
North Carolina,37085,232,206,0.112068966,2022_2023
California,605108,243,197,0.189300412,2022_2023
Nevada,32005,129,93,0.279069767,2022_2023
Texas,4872176,110,94,0.145454545,2022_2023
California,628168,190,154,0.189473684,2022_2023
New Jersey,3436000,143,114,0.202797203,2022_2023
Ohio,39017,179,128,0.284916201,2022_2023
Florida,12073,215,215,0,2022_2023
Missouri,2935000,154,139,0.097402597,2022_2023
Georgia,1369000,252,167,0.337301587,2022_2023
Florida,1256975,167,117,0.299401198,2022_2023
California,657764,250,172,0.312,2022_2023
Maryland,24009,195,169,0.133333333,2022_2023
North Carolina,37133,184,145,0.211956522,2022_2023
Texas,4801924,195,168,0.138461538,2022_2023
Oregon,4173650,201,200,0.004975124,2022_2023
Florida,1225175,219,131,0.401826484,2022_2023
California,613756,340,205,0.397058824,2022_2023
Florida,1224125,142,87,0.387323944,2022_2023
Connecticut,911078250,185,152,0.178378378,2022_2023
Florida,1258050,221,170,0.230769231,2022_2023
Florida,1238250,272,241,0.113970588,2022_2023
Arizona,423760,235,223,0.05106383,2022_2023
Virginia,51095,219,204,0.068493151,2022_2023
Connecticut,911071390,174,144,0.172413793,2022_2023
Ohio,39025,176,148,0.159090909,2022_2023
California,6045,268,221,0.175373134,2022_2023
Florida,1243125,194,128,0.340206186,2022_2023
New Jersey,3402359010,230,214,0.069565217,2022_2023
Illinois,17197,178,157,0.117977528,2022_2023
North Carolina,3732260,151,145,0.039735099,2022_2023
Illinois,1779293,151,149,0.013245033,2022_2023
Virginia,5167000,,,,2022_2023
Oregon,4130550,200,189,0.055,2022_2023
Colorado,845255,228,207,0.092105263,2022_2023
Texas,4806128,213,172,0.192488263,2022_2023
Montana,3035600,100,98,0.02,2022_2023
Connecticut,918080280,174,165,0.051724138,2022_2023
Montana,3008950,136,122,0.102941176,2022_2023
California,666070,307,271,0.117263844,2022_2023
Florida,1245000,172,150,0.127906977,2022_2023
Illinois,17143,306,246,0.196078431,2022_2023
Virginia,51085,177,150,0.152542373,2022_2023
Colorado,8123,181,141,0.220994475,2022_2023
Georgia,1319000,69,55,0.202898551,2022_2023
Massachusetts,2502354310,66,42,0.363636364,2022_2023
Arizona,4005,179,178,0.005586592,2022_2023
Illinois,1753234,,,,2022_2023
Florida,1253575,163,140,0.141104294,2022_2023
Florida,1207525,156,140,0.102564103,2022_2023
Illinois,1718823,53,37,0.301886792,2022_2023
Florida,1257550,145,101,0.303448276,2022_2023
California,669084,176,141,0.198863636,2022_2023
Arkansas,523290,199,165,0.170854271,2022_2023
California,655282,151,130,0.139072848,2022_2023
Minnesota,2754880,163,108,0.337423313,2022_2023
California,636294,179,159,0.111731844,2022_2023
Florida,1269700,159,128,0.194968553,2022_2023
North Carolina,3702140,149,147,0.013422819,2022_2023
Florida,1245060,274,181,0.339416058,2022_2023
New Mexico,3570500,,,,2022_2023
Massachusetts,2525172,142,108,0.23943662,2022_2023
California,614890,120,69,0.425,2022_2023
New York,3605953000,269,173,0.356877323,2022_2023
Virginia,51061,155,142,0.083870968,2022_2023
California,662938,169,159,0.059171598,2022_2023
Texas,4822660,217,160,0.262672811,2022_2023
Florida,12005,263,167,0.365019011,2022_2023
Arizona,412840,191,146,0.235602094,2022_2023
California,6021,169,143,0.153846154,2022_2023
Massachusetts,2577890,123,96,0.219512195,2022_2023
Kansas,2036000,115,72,0.373913043,2022_2023
California,617568,156,135,0.134615385,2022_2023
Wyoming,5613900,95,73,0.231578947,2022_2023
North Carolina,37097,162,136,0.160493827,2022_2023
Rhode Island,4480780,186,164,0.11827957,2022_2023
Missouri,2941348,137,131,0.04379562,2022_2023
Connecticut,918073770,147,132,0.102040816,2022_2023
California,617918,173,147,0.150289017,2022_2023
New Jersey,3400549020,139,111,0.201438849,2022_2023
Georgia,1304000,158,153,0.03164557,2022_2023
Texas,4852356,121,109,0.099173554,2022_2023
Washington,5380010,150,136,0.093333333,2022_2023
Kansas,2038900,134,125,0.067164179,2022_2023
Illinois,1735411,117,96,0.179487179,2022_2023
Florida,1239425,110,68,0.381818182,2022_2023
California,667042,171,141,0.175438596,2022_2023
Texas,4874144,151,124,0.178807947,2022_2023
Connecticut,914014160,118,103,0.127118644,2022_2023
Florida,12107,124,101,0.185483871,2022_2023
California,621230,,,,2022_2023
Connecticut,911027600,126,107,0.150793651,2022_2023
Texas,4863284,175,109,0.377142857,2022_2023
Washington,5367167,141,123,0.127659574,2022_2023
Virginia,51019,111,104,0.063063063,2022_2023
California,600562,146,124,0.150684932,2022_2023
Massachusetts,2562535,112,99,0.116071429,2022_2023
Georgia,13063,147,96,0.346938776,2022_2023
South Carolina,45019,150,136,0.093333333,2022_2023
Washington,53035,,,,2022_2023
California,629504,,,,2022_2023
California,605290,222,222,0,2022_2023
Virginia,5168000,58,41,0.293103448,2022_2023
Florida,1207950,131,105,0.198473282,2022_2023
Illinois,1773157,84,82,0.023809524,2022_2023
California,625338,149,133,0.10738255,2022_2023
Florida,1250750,133,98,0.263157895,2022_2023
Washington,5303180,138,138,0,2022_2023
Washington,5353545,175,174,0.005714286,2022_2023
Florida,1239550,125,98,0.216,2022_2023
Maine,2360545,75,44,0.413333333,2022_2023
New Jersey,3402970320,126,114,0.095238095,2022_2023
Texas,4875428,147,95,0.353741497,2022_2023
New Jersey,3400557510,128,109,0.1484375,2022_2023
New Hampshire,3318820,102,74,0.274509804,2022_2023
Oregon,4155200,105,98,0.066666667,2022_2023
Florida,1230000,57,33,0.421052632,2022_2023
Georgia,13117,122,112,0.081967213,2022_2023
Connecticut,911025360,120,109,0.091666667,2022_2023
Florida,1255775,208,127,0.389423077,2022_2023
Massachusetts,2500520100,92,51,0.445652174,2022_2023
Illinois,1729730,121,104,0.140495868,2022_2023
California,678148,205,173,0.156097561,2022_2023
Massachusetts,2508130,,,,2022_2023
Virginia,5101000,85,82,0.035294118,2022_2023
North Carolina,3709060,88,50,0.431818182,2022_2023
Connecticut,952000,199,108,0.457286432,2022_2023
Connecticut,911074540,106,94,0.113207547,2022_2023
Florida,1218575,108,104,0.037037037,2022_2023
Missouri,2915670,124,122,0.016129032,2022_2023
Florida,1217935,95,81,0.147368421,2022_2023
Texas,4826232,133,111,0.165413534,2022_2023
California,647710,125,102,0.184,2022_2023
Arizona,4025,101,80,0.207920792,2022_2023
Maryland,2430325,122,115,0.057377049,2022_2023
Rhode Island,4400951580,110,101,0.081818182,2022_2023
Massachusetts,2502775015,95,55,0.421052632,2022_2023
Florida,12023,125,110,0.12,2022_2023
California,644574,108,82,0.240740741,2022_2023
Washington,5322640,122,122,0,2022_2023
Colorado,824785,120,114,0.05,2022_2023
Ohio,39165,64,54,0.15625,2022_2023
Connecticut,912077200,25,18,0.28,2022_2023
Massachusetts,2526150,,,,2022_2023
North Carolina,3719000,,,,2022_2023
California,665028,115,86,0.252173913,2022_2023
Washington,5335275,133,133,0,2022_2023
Connecticut,968100,,,,2022_2023
North Carolina,37069,111,84,0.243243243,2022_2023
California,673262,120,85,0.291666667,2022_2023
New Jersey,3402139510,92,82,0.108695652,2022_2023
Rhode Island,4400570880,83,71,0.144578313,2022_2023
Connecticut,911052140,175,147,0.16,2022_2023
Colorado,845970,116,96,0.172413793,2022_2023
New Jersey,3402756460,87,79,0.091954023,2022_2023
Minnesota,2735180,102,100,0.019607843,2022_2023
Arkansas,561670,108,80,0.259259259,2022_2023
Ohio,39041,169,101,0.402366864,2022_2023
Massachusetts,2501743895,169,89,0.473372781,2022_2023
Texas,4819792,104,80,0.230769231,2022_2023
California,600674,167,120,0.281437126,2022_2023
Connecticut,911017800,98,80,0.183673469,2022_2023
Kansas,2052575,88,73,0.170454545,2022_2023
Florida,1260975,88,60,0.318181818,2022_2023
Florida,1215968,103,94,0.087378641,2022_2023
Minnesota,2759350,52,49,0.057692308,2022_2023
California,646898,163,133,0.18404908,2022_2023
Illinois,1709447,72,71,0.013888889,2022_2023
Utah,4960930,93,79,0.150537634,2022_2023
California,629000,147,101,0.31292517,2022_2023
Indiana,1825000,,,,2022_2023
Florida,1275812,100,82,0.18,2022_2023
Maryland,2431175,87,77,0.114942529,2022_2023
Virginia,5147672,79,72,0.088607595,2022_2023
Virginia,51031,74,66,0.108108108,2022_2023
New York,3601000,61,51,0.163934426,2022_2023
California,624638,144,124,0.138888889,2022_2023
Arkansas,541000,,,,2022_2023
Arkansas,505320,94,88,0.063829787,2022_2023
Louisiana,2208920,11,9,0.181818182,2022_2023
Texas,4835576,70,53,0.242857143,2022_2023
Idaho,16011,96,83,0.135416667,2022_2023
Ohio,3916000,76,75,0.013157895,2022_2023
Nevada,3209700,84,55,0.345238095,2022_2023
Connecticut,919083500,82,55,0.329268293,2022_2023
Rhode Island,4400766200,104,78,0.25,2022_2023
Utah,4916270,82,69,0.158536585,2022_2023
Michigan,26161,70,68,0.028571429,2022_2023
Kansas,2062700,57,46,0.192982456,2022_2023
Kentucky,21015,102,86,0.156862745,2022_2023
Florida,12129,96,90,0.0625,2022_2023
Arkansas,5007,87,74,0.149425287,2022_2023
Texas,4813492,,,,2022_2023
Illinois,1732018,79,54,0.316455696,2022_2023
Rhode Island,4400105140,88,73,0.170454545,2022_2023
Connecticut,919063970,83,71,0.144578313,2022_2023
Washington,5338038,86,70,0.186046512,2022_2023
Missouri,2954074,77,69,0.103896104,2022_2023
North Carolina,3759280,72,66,0.083333333,2022_2023
Florida,1200950,69,57,0.173913043,2022_2023
Minnesota,2717288,92,80,0.130434783,2022_2023
Minnesota,2740166,57,46,0.192982456,2022_2023
California,640130,103,92,0.106796117,2022_2023
Connecticut,911069220,62,39,0.370967742,2022_2023
Texas,4816612,93,65,0.301075269,2022_2023
New Jersey,3426340,65,54,0.169230769,2022_2023
Illinois,1724582,72,66,0.083333333,2022_2023
Utah,4958730,83,69,0.168674699,2022_2023
Missouri,2965000,125,75,0.4,2022_2023
Kansas,2053775,65,58,0.107692308,2022_2023
Missouri,2906652,54,54,0,2022_2023
Minnesota,2713456,120,68,0.433333333,2022_2023
Maryland,24043,63,55,0.126984127,2022_2023
Florida,1270600,47,41,0.127659574,2022_2023
Minnesota,2701900,72,63,0.125,2022_2023
California,603386,63,56,0.111111111,2022_2023
Florida,1235875,75,66,0.12,2022_2023
Utah,4950150,115,115,0,2022_2023
Virginia,51149,40,39,0.025,2022_2023
Florida,1254075,59,36,0.389830508,2022_2023
Minnesota,2713114,47,42,0.106382979,2022_2023
Florida,1224300,91,85,0.065934066,2022_2023
Iowa,1938595,69,54,0.217391304,2022_2023
Georgia,13153,89,55,0.382022472,2022_2023
North Carolina,3711800,64,59,0.078125,2022_2023
Virginia,5148952,69,52,0.246376812,2022_2023
Florida,1232275,101,88,0.128712871,2022_2023
Iowa,1979950,89,83,0.06741573,2022_2023
Pennsylvania,4207146896,51,51,0,2022_2023
Ohio,39061,,,,2022_2023
North Carolina,3744520,71,69,0.028169014,2022_2023
Illinois,1751622,107,82,0.23364486,2022_2023
Minnesota,2757220,54,54,0,2022_2023
Wyoming,56021,35,33,0.057142857,2022_2023
Massachusetts,2519370,,,,2022_2023
South Carolina,45041,60,49,0.183333333,2022_2023
Florida,1239081,70,60,0.142857143,2022_2023
Missouri,2970000,70,61,0.128571429,2022_2023
Florida,12119,102,75,0.264705882,2022_2023
Florida,1250575,100,53,0.47,2022_2023
Illinois,1720591,56,42,0.25,2022_2023
New Jersey,3455950,53,35,0.339622642,2022_2023
Texas,4819624,58,41,0.293103448,2022_2023
Florida,12111,23,22,0.043478261,2022_2023
California,606308,46,36,0.217391304,2022_2023
New Mexico,35045,35,23,0.342857143,2022_2023
Minnesota,2718116,53,44,0.169811321,2022_2023
Florida,12011,56,44,0.214285714,2022_2023
Illinois,1729938,48,40,0.166666667,2022_2023
Illinois,17089,96,63,0.34375,2022_2023
North Carolina,37035,96,57,0.40625,2022_2023
Ohio,3915000,96,75,0.21875,2022_2023
Connecticut,917044560,95,55,0.421052632,2022_2023
Minnesota,2753026,38,32,0.157894737,2022_2023
New Jersey,3402359280,52,44,0.153846154,2022_2023
California,655618,52,46,0.115384615,2022_2023
Pennsylvania,4207183152,55,51,0.072727273,2022_2023
Connecticut,919050860,60,53,0.116666667,2022_2023
Minnesota,2743252,41,35,0.146341463,2022_2023
Connecticut,911012270,50,42,0.16,2022_2023
Georgia,13057,55,41,0.254545455,2022_2023
Pennsylvania,4202000,,,,2022_2023
Michigan,2634000,47,37,0.212765957,2022_2023
Florida,1254700,51,42,0.176470588,2022_2023
Florida,1213275,47,37,0.212765957,2022_2023
Massachusetts,2569170,,,,2022_2023
Pennsylvania,4213319704,55,55,0,2022_2023
Ohio,3922694,31,20,0.35483871,2022_2023
Wisconsin,5540775,37,37,0,2022_2023
Connecticut,911072090,77,49,0.363636364,2022_2023
Pennsylvania,4212746856,60,53,0.116666667,2022_2023
Idaho,16053,27,15,0.444444444,2022_2023
Florida,1276600,,,,2022_2023
Illinois,1757225,1,1,0,2022_2023
Arkansas,504840,39,31,0.205128205,2022_2023
Illinois,1711358,69,58,0.15942029,2022_2023
Pennsylvania,4201172824,68,59,0.132352941,2022_2023
Minnesota,2718188,41,32,0.219512195,2022_2023
Virginia,5114968,,,,2022_2023
North Carolina,3770540,55,54,0.018181818,2022_2023
Maryland,2467675,67,49,0.268656716,2022_2023
Florida,12057,29,21,0.275862069,2022_2023
Connecticut,919063480,37,27,0.27027027,2022_2023
South Carolina,45077,38,36,0.052631579,2022_2023
Iowa,1901855,27,20,0.259259259,2022_2023
North Carolina,3728080,33,33,0,2022_2023
New Jersey,3403769690,27,24,0.111111111,2022_2023
Arizona,422220,,,,2022_2023
Connecticut,919018850,32,24,0.25,2022_2023
Connecticut,915009190,12,7,0.416666667,2022_2023
Missouri,29043,60,45,0.25,2022_2023
Minnesota,2717000,58,31,0.465517241,2022_2023
Florida,1227322,36,35,0.027777778,2022_2023
Ohio,39109,37,37,0,2022_2023
Rhode Island,4400925300,25,19,0.24,2022_2023
Utah,4944320,3,3,0,2022_2023
Virginia,5129744,,,,2022_2023
Florida,1239525,54,36,0.333333333,2022_2023
New Hampshire,3300933860,31,24,0.225806452,2022_2023
Massachusetts,2527060,53,37,0.301886792,2022_2023
North Carolina,37161,40,30,0.25,2022_2023
Washington,5340840,38,31,0.184210526,2022_2023
Wisconsin,5584675,31,22,0.290322581,2022_2023
Maryland,2401600,27,17,0.37037037,2022_2023
Utah,49047,28,25,0.107142857,2022_2023
North Carolina,37141,,,,2022_2023
Minnesota,2759998,23,17,0.260869565,2022_2023
New Jersey,3473020,28,25,0.107142857,2022_2023
Nevada,3222500,,,,2022_2023
Indiana,1854180,27,25,0.074074074,2022_2023
Minnesota,2769970,30,24,0.2,2022_2023
Iowa,1901630,33,30,0.090909091,2022_2023
Kentucky,2139142,45,24,0.466666667,2022_2023
North Carolina,37193,38,30,0.210526316,2022_2023
Florida,1228452,18,11,0.388888889,2022_2023
South Carolina,4530850,34,19,0.441176471,2022_2023
New Jersey,3428710,16,9,0.4375,2022_2023
New Jersey,3424420,16,13,0.1875,2022_2023
Florida,1245025,22,15,0.318181818,2022_2023
Virginia,5135624,20,17,0.15,2022_2023
Idaho,1614680,13,7,0.461538462,2022_2023
Pennsylvania,4204144832,37,20,0.459459459,2022_2023
Virginia,51047,36,28,0.222222222,2022_2023
Pennsylvania,4207183256,34,21,0.382352941,2022_2023
Minnesota,2754214,33,21,0.363636364,2022_2023
Massachusetts,2502109175,32,27,0.15625,2022_2023
Connecticut,918033900,,,,2022_2023
Pennsylvania,4213383432,31,30,0.032258065,2022_2023
Arizona,427400,10,6,0.4,2022_2023
Iowa,1911755,16,9,0.4375,2022_2023
Pennsylvania,4223016,21,21,0,2022_2023
Georgia,13139,7,5,0.285714286,2022_2023
Massachusetts,2513660,17,9,0.470588235,2022_2023
South Carolina,4534045,17,14,0.176470588,2022_2023
Ohio,3977000,20,14,0.3,2022_2023
Oklahoma,4004450,26,20,0.230769231,2022_2023
Kansas,2039075,17,14,0.176470588,2022_2023
Massachusetts,2502150250,21,11,0.476190476,2022_2023
New Jersey,3453850,13,12,0.076923077,2022_2023
Virginia,5107784,25,21,0.16,2022_2023
Tennessee,4715400,19,16,0.157894737,2022_2023
South Carolina,45047,18,14,0.222222222,2022_2023
North Carolina,3702080,24,17,0.291666667,2022_2023
Vermont,5046000,,,,2022_2023
Pennsylvania,4232448,23,20,0.130434783,2022_2023
Florida,1214250,7,6,0.142857143,2022_2023
Minnesota,2707948,10,7,0.3,2022_2023
Iowa,1957360,,,,2022_2023
Missouri,29077,,,,2022_2023
Rhode Island,4400542400,,,,2022_2023
California,672996,21,12,0.428571429,2022_2023
Michigan,2612585480,11,11,0,2022_2023
Virginia,51089,19,14,0.263157895,2022_2023
Indiana,1882862,6,6,0,2022_2023
Virginia,51145,,,,2022_2023
Ohio,3925704,9,5,0.444444444,2022_2023
Georgia,1324768,11,10,0.090909091,2022_2023
South Carolina,45031,,,,2022_2023
Wyoming,56005,11,9,0.181818182,2022_2023
Kentucky,2163912,15,12,0.2,2022_2023
Massachusetts,2546598,8,8,0,2022_2023
Massachusetts,2539835,,,,2022_2023
Alabama,1003,8,8,0,2022_2023
Ohio,3975098,14,11,0.214285714,2022_2023
Idaho,1667420,,,,2022_2023
Nebraska,3128000,,,,2022_2023
Tennessee,4729920,13,12,0.076923077,2022_2023
Missouri,2975220,6,4,0.333333333,2022_2023
Idaho,1654550,4,4,0,2022_2023
South Dakota,4659020,12,11,0.083333333,2022_2023
Massachusetts,2501336300,,,,2022_2023
Virginia,5186160,,,,2022_2023
North Dakota,3825700,5,3,0.4,2022_2023
Massachusetts,2500916250,9,8,0.111111111,2022_2023
California,684410,7,6,0.142857143,2022_2023
Massachusetts,2502340850,,,,2022_2023
Minnesota,2739878,,,,2022_2023
New Jersey,3421480,3,3,0,2022_2023
Virginia,51191,7,5,0.285714286,2022_2023
Georgia,1349756,6,5,0.166666667,2022_2023
Washington,5356695,,,,2022_2023
Idaho,16031,5,5,0,2022_2023
Tennessee,47145,5,4,0.2,2022_2023
Ohio,3912000,5,4,0.2,2022_2023
Tennessee,4739560,4,4,0,2022_2023
Idaho,16057,,,,2022_2023
Iowa,1955110,4,4,0,2022_2023
Pennsylvania,4214712,4,3,0.25,2022_2023
New Hampshire,3312900,3,3,0,2022_2023
Florida,12087,3,3,0,2022_2023
Georgia,1331908,,,,2022_2023
Tennessee,4728540,2,2,0,2022_2023
New Jersey,3423910,,,,2022_2023
Tennessee,4741200,1,1,0,2022_2023
California,659587,1,1,0,2022_2023
Pennsylvania,4209184888,,,,2022_2023
Oregon,4164900,,,,2022_2023
California,666000,9004,6331,0.296868059,2023_2024
California,6073,4454,3470,0.220925011,2023_2024
California,6065,5338,3581,0.329149494,2023_2024
Hawaii,15003,6258,5035,0.19542985,2023_2024
California,644000,5075,3828,0.245714286,2023_2024
Florida,12095,3035,2634,0.132125206,2023_2024
Nevada,3231900,3658,2903,0.206396938,2023_2024
Arizona,4013,2881,1994,0.307879209,2023_2024
Texas,4865000,1977,1617,0.182094082,2023_2024
California,6029,2135,1446,0.322716628,2023_2024
Nevada,3251800,2688,2365,0.12016369,2023_2024
New Mexico,3502000,2127,1873,0.119417019,2023_2024
California,613392,1037,1022,0.014464802,2023_2024
Texas,4827000,1969,1424,0.276790249,2023_2024
Texas,4824000,1630,1395,0.144171779,2023_2024
California,6013,891,517,0.419753086,2023_2024
Florida,12105,2084,1749,0.16074856,2023_2024
Colorado,804000,1452,1124,0.225895317,2023_2024
California,653322,1078,736,0.317254174,2023_2024
California,6079,1395,887,0.364157706,2023_2024
Florida,12101,1511,1478,0.021839841,2023_2024
Oklahoma,4055000,1337,979,0.26776365,2023_2024
California,653000,778,413,0.469151671,2023_2024
Nevada,32003,1866,1541,0.174169346,2023_2024
Florida,12097,1412,1072,0.240793201,2023_2024
Florida,12071,1427,1226,0.14085494,2023_2024
Florida,1210275,1220,861,0.294262295,2023_2024
California,675000,886,786,0.112866817,2023_2024
Pennsylvania,4260000,1738,1581,0.090333717,2023_2024
California,682590,971,627,0.354273944,2023_2024
California,6107,1276,794,0.377742947,2023_2024
Florida,12086,1393,1163,0.165111271,2023_2024
California,636770,,,,2023_2024
California,678120,730,538,0.263013699,2023_2024
California,682954,477,244,0.488469602,2023_2024
Florida,12015,1472,1368,0.070652174,2023_2024
California,6061,1131,646,0.42882405,2023_2024
California,614218,,,,2023_2024
California,649270,934,615,0.341541756,2023_2024
California,6097,1100,796,0.276363636,2023_2024
California,616350,987,821,0.168186424,2023_2024
Maryland,24031,1417,1113,0.214537756,2023_2024
Florida,1258715,1312,679,0.482469512,2023_2024
California,626000,480,295,0.385416667,2023_2024
Florida,12083,1084,726,0.330258303,2023_2024
Florida,12099,852,676,0.20657277,2023_2024
California,613014,635,467,0.264566929,2023_2024
California,602252,784,618,0.211734694,2023_2024
California,623182,927,682,0.26429342,2023_2024
Arizona,407940,917,808,0.118865867,2023_2024
Washington,5363000,966,881,0.087991718,2023_2024
Virginia,5182000,878,772,0.120728929,2023_2024
Colorado,8077,856,755,0.117990654,2023_2024
Nevada,3260600,1069,744,0.304022451,2023_2024
Florida,1254000,939,777,0.172523962,2023_2024
California,6039,,,,2023_2024
Massachusetts,2567000,1114,611,0.451526032,2023_2024
California,622020,1206,962,0.202321725,2023_2024
Virginia,51059,927,796,0.141316073,2023_2024
California,678582,546,391,0.283882784,2023_2024
California,645484,902,850,0.057649667,2023_2024
California,6017,114,114,0,2023_2024
California,656700,796,412,0.48241206,2023_2024
Maryland,24003,868,699,0.194700461,2023_2024
California,653896,657,354,0.461187215,2023_2024
Texas,4804000,798,456,0.428571429,2023_2024
California,6007,638,461,0.277429467,2023_2024
Virginia,51153,864,731,0.153935185,2023_2024
California,633000,787,446,0.433290978,2023_2024
Kentucky,2148006,725,543,0.251034483,2023_2024
California,662000,834,576,0.309352518,2023_2024
California,682996,601,313,0.479201331,2023_2024
California,669088,354,257,0.274011299,2023_2024
California,668196,449,353,0.213808463,2023_2024
Oregon,4159000,951,850,0.106203996,2023_2024
Florida,12021,778,475,0.389460154,2023_2024
California,631960,856,624,0.271028037,2023_2024
Colorado,807850,544,418,0.231617647,2023_2024
California,662364,293,195,0.33447099,2023_2024
California,6057,549,449,0.182149362,2023_2024
Virginia,5116000,575,524,0.088695652,2023_2024
California,641992,407,235,0.422604423,2023_2024
California,680238,426,335,0.213615023,2023_2024
Texas,4845000,855,777,0.09122807,2023_2024
Florida,12081,662,547,0.173716012,2023_2024
Texas,4819000,,,,2023_2024
California,628000,465,276,0.406451613,2023_2024
Florida,12103,759,747,0.015810277,2023_2024
Florida,12009,674,517,0.232937685,2023_2024
California,6083,423,314,0.257683215,2023_2024
California,620018,361,283,0.216066482,2023_2024
Nevada,32031,813,619,0.238622386,2023_2024
California,637692,,,,2023_2024
California,608142,506,323,0.361660079,2023_2024
California,636000,,,,2023_2024
New York,3605934000,712,472,0.337078652,2023_2024
California,653980,377,299,0.206896552,2023_2024
Colorado,803455,528,361,0.316287879,2023_2024
Arizona,412000,519,453,0.12716763,2023_2024
Virginia,51107,828,591,0.286231884,2023_2024
California,639496,164,95,0.420731707,2023_2024
Florida,1253000,554,497,0.102888087,2023_2024
California,616000,318,232,0.270440252,2023_2024
California,686972,429,272,0.365967366,2023_2024
New Mexico,3539380,455,362,0.204395604,2023_2024
Maryland,24027,668,631,0.055389222,2023_2024
California,659451,,,,2023_2024
Oklahoma,4075000,952,620,0.348739496,2023_2024
California,657792,278,272,0.021582734,2023_2024
California,658520,407,318,0.218673219,2023_2024
California,658240,465,321,0.309677419,2023_2024
Arizona,485540,558,456,0.182795699,2023_2024
California,613214,401,260,0.351620948,2023_2024
Virginia,51041,542,423,0.219557196,2023_2024
California,606000,352,326,0.073863636,2023_2024
California,664000,490,364,0.257142857,2023_2024
California,677000,433,311,0.281755196,2023_2024
California,6089,489,378,0.226993865,2023_2024
California,684816,423,336,0.205673759,2023_2024
California,650076,721,607,0.158113731,2023_2024
New York,3610304000,567,567,0,2023_2024
Nevada,3268400,586,476,0.187713311,2023_2024
California,650258,370,259,0.3,2023_2024
California,687042,,,,2023_2024
Texas,4827684,192,158,0.177083333,2023_2024
California,660620,393,280,0.287531807,2023_2024
North Carolina,3755000,532,410,0.229323308,2023_2024
Missouri,2938000,534,398,0.254681648,2023_2024
California,633182,600,399,0.335,2023_2024
California,665084,262,193,0.263358779,2023_2024
Colorado,812415,409,272,0.334963325,2023_2024
California,686832,272,217,0.202205882,2023_2024
California,653070,393,224,0.430025445,2023_2024
Colorado,883835,437,350,0.199084668,2023_2024
California,640004,375,278,0.258666667,2023_2024
California,649278,410,280,0.317073171,2023_2024
California,655184,293,241,0.177474403,2023_2024
Colorado,843000,339,285,0.159292035,2023_2024
Colorado,827425,503,392,0.220675944,2023_2024
Florida,12069,507,438,0.136094675,2023_2024
California,639248,284,200,0.295774648,2023_2024
California,656784,337,225,0.332344214,2023_2024
California,683346,393,247,0.371501272,2023_2024
Virginia,51179,375,210,0.44,2023_2024
Idaho,1608830,351,289,0.176638177,2023_2024
Oregon,4105800,376,349,0.071808511,2023_2024
California,668154,543,319,0.41252302,2023_2024
Florida,12055,523,434,0.170172084,2023_2024
Florida,12109,313,270,0.137380192,2023_2024
Massachusetts,2509000,,,,2023_2024
California,654652,334,200,0.401197605,2023_2024
Virginia,51087,543,499,0.081031308,2023_2024
Colorado,832155,355,295,0.169014085,2023_2024
Colorado,812815,389,309,0.205655527,2023_2024
Texas,4830464,358,336,0.061452514,2023_2024
Texas,4847892,331,192,0.419939577,2023_2024
Texas,4858016,297,234,0.212121212,2023_2024
California,6115,,,,2023_2024
Wisconsin,5548000,512,488,0.046875,2023_2024
Texas,4845744,214,176,0.177570093,2023_2024
New Mexico,35001,336,336,0,2023_2024
California,639486,,,,2023_2024
Florida,1254200,407,342,0.15970516,2023_2024
California,6053,328,218,0.335365854,2023_2024
California,670224,,,,2023_2024
California,669196,357,244,0.316526611,2023_2024
California,681666,,,,2023_2024
California,617988,278,184,0.338129496,2023_2024
Massachusetts,2537490,421,309,0.266033254,2023_2024
California,630000,440,398,0.095454545,2023_2024
California,648354,445,317,0.287640449,2023_2024
Louisiana,2255000,862,536,0.378190255,2023_2024
Colorado,816495,329,268,0.185410334,2023_2024
California,668378,,,,2023_2024
Connecticut,908420,342,244,0.286549708,2023_2024
California,667112,347,228,0.342939481,2023_2024
California,659444,632,494,0.21835443,2023_2024
California,603064,314,239,0.238853503,2023_2024
California,643280,293,230,0.215017065,2023_2024
Colorado,809280,269,230,0.144981413,2023_2024
California,664224,328,225,0.31402439,2023_2024
Illinois,1712385,469,370,0.21108742,2023_2024
California,652582,258,178,0.310077519,2023_2024
California,686328,,,,2023_2024
California,680854,172,142,0.174418605,2023_2024
New Jersey,3402382000,364,297,0.184065934,2023_2024
Arizona,451600,285,254,0.10877193,2023_2024
California,668252,257,187,0.272373541,2023_2024
Connecticut,911022630,351,214,0.39031339,2023_2024
Maryland,24017,402,292,0.273631841,2023_2024
Massachusetts,2500123105,365,275,0.246575342,2023_2024
California,630014,201,144,0.28358209,2023_2024
Florida,12017,478,405,0.152719665,2023_2024
Virginia,51177,233,178,0.236051502,2023_2024
California,6075,747,472,0.368139224,2023_2024
California,668364,217,178,0.179723502,2023_2024
California,647766,222,160,0.279279279,2023_2024
California,6081,267,249,0.06741573,2023_2024
California,680000,,,,2023_2024
California,668028,206,170,0.174757282,2023_2024
South Carolina,45083,300,196,0.346666667,2023_2024
California,641152,353,290,0.178470255,2023_2024
Colorado,857630,314,194,0.382165605,2023_2024
California,662546,296,149,0.496621622,2023_2024
California,669112,248,222,0.10483871,2023_2024
Connecticut,911044700,255,149,0.415686275,2023_2024
Arizona,444410,329,223,0.32218845,2023_2024
North Carolina,3774440,266,144,0.458646617,2023_2024
Utah,4967000,244,241,0.012295082,2023_2024
Maryland,24025,288,237,0.177083333,2023_2024
Virginia,5156000,300,254,0.153333333,2023_2024
California,659962,502,387,0.229083665,2023_2024
California,6023,201,120,0.402985075,2023_2024
Florida,1262625,223,193,0.134529148,2023_2024
Oregon,41005,233,193,0.17167382,2023_2024
Texas,4813024,221,150,0.321266968,2023_2024
California,6099,225,213,0.053333333,2023_2024
Arizona,4003,275,211,0.232727273,2023_2024
California,646114,210,175,0.166666667,2023_2024
California,659514,183,138,0.245901639,2023_2024
Texas,4841980,166,139,0.162650602,2023_2024
Florida,12091,170,99,0.417647059,2023_2024
Connecticut,911070550,202,152,0.247524752,2023_2024
California,651182,,,,2023_2024
California,642202,264,169,0.359848485,2023_2024
North Carolina,3710740,253,237,0.063241107,2023_2024
Oregon,4131250,304,281,0.075657895,2023_2024
Florida,1224000,250,156,0.376,2023_2024
California,644112,164,140,0.146341463,2023_2024
Texas,4876000,222,116,0.477477477,2023_2024
California,683542,219,131,0.401826484,2023_2024
California,618394,,,,2023_2024
Massachusetts,2502690,320,251,0.215625,2023_2024
Virginia,5157000,,,,2023_2024
Colorado,8035,552,527,0.045289855,2023_2024
Nevada,3224900,345,304,0.11884058,2023_2024
Florida,1216525,228,191,0.162280702,2023_2024
Colorado,8013,254,186,0.267716535,2023_2024
California,639290,180,96,0.466666667,2023_2024
North Carolina,37021,238,161,0.323529412,2023_2024
California,622300,160,128,0.2,2023_2024
California,612552,135,80,0.407407407,2023_2024
Pennsylvania,4261000,234,180,0.230769231,2023_2024
California,648914,164,162,0.012195122,2023_2024
Florida,1243975,230,203,0.117391304,2023_2024
Connecticut,918430,260,209,0.196153846,2023_2024
Florida,1236950,200,145,0.275,2023_2024
Georgia,13135,129,76,0.410852713,2023_2024
Florida,1212875,256,212,0.171875,2023_2024
California,616532,,,,2023_2024
California,659920,166,136,0.180722892,2023_2024
California,617946,136,81,0.404411765,2023_2024
Idaho,1612250,155,124,0.2,2023_2024
Florida,12019,197,155,0.21319797,2023_2024
Arizona,473000,181,157,0.132596685,2023_2024
Texas,4856348,,,,2023_2024
New Hampshire,3314200,251,199,0.207171315,2023_2024
California,660102,169,134,0.207100592,2023_2024
Florida,1235000,472,360,0.237288136,2023_2024
Wisconsin,5553000,249,140,0.437751004,2023_2024
California,681554,465,298,0.359139785,2023_2024
California,656000,252,193,0.234126984,2023_2024
Connecticut,949880,198,141,0.287878788,2023_2024
California,639220,122,91,0.254098361,2023_2024
California,685292,,,,2023_2024
California,654232,115,88,0.234782609,2023_2024
Washington,5370000,172,172,0,2023_2024
Arizona,446000,253,173,0.316205534,2023_2024
Oklahoma,4009050,250,169,0.324,2023_2024
California,646870,192,117,0.390625,2023_2024
Maryland,24021,170,145,0.147058824,2023_2024
Arizona,457380,115,100,0.130434783,2023_2024
California,621796,144,123,0.145833333,2023_2024
Texas,4819972,129,117,0.093023256,2023_2024
Maryland,24013,199,151,0.24120603,2023_2024
Montana,3050200,283,283,0,2023_2024
Indiana,1836003,159,143,0.100628931,2023_2024
Florida,12085,103,83,0.194174757,2023_2024
North Carolina,37183,,,,2023_2024
Iowa,1921000,118,60,0.491525424,2023_2024
Florida,1214400,145,107,0.262068966,2023_2024
Illinois,1703012,,,,2023_2024
California,645778,151,151,0,2023_2024
Idaho,16027,151,110,0.271523179,2023_2024
Michigan,2603000,212,130,0.386792453,2023_2024
Utah,4920810,144,133,0.076388889,2023_2024
Oregon,4105350,168,114,0.321428571,2023_2024
Florida,12001,121,98,0.190082645,2023_2024
Colorado,8001,68,65,0.044117647,2023_2024
Florida,1278250,166,163,0.018072289,2023_2024
Washington,5357745,123,100,0.18699187,2023_2024
California,609598,113,69,0.389380531,2023_2024
Missouri,29189,145,99,0.317241379,2023_2024
California,640704,120,101,0.158333333,2023_2024
California,665070,141,116,0.177304965,2023_2024
California,685922,157,132,0.159235669,2023_2024
Florida,1263650,126,110,0.126984127,2023_2024
Colorado,8069,119,98,0.176470588,2023_2024
Washington,5351300,156,100,0.358974359,2023_2024
North Carolina,37085,133,114,0.142857143,2023_2024
California,605108,120,89,0.258333333,2023_2024
Nevada,32005,233,166,0.287553648,2023_2024
Texas,4872176,252,171,0.321428571,2023_2024
California,628168,171,98,0.426900585,2023_2024
New Jersey,3436000,212,175,0.174528302,2023_2024
Ohio,39017,175,120,0.314285714,2023_2024
Florida,12073,139,136,0.021582734,2023_2024
Missouri,2935000,200,181,0.095,2023_2024
Georgia,1369000,99,74,0.252525253,2023_2024
Florida,1256975,183,145,0.207650273,2023_2024
California,657764,99,75,0.242424242,2023_2024
Maryland,24009,153,78,0.490196078,2023_2024
North Carolina,37133,163,138,0.153374233,2023_2024
Texas,4801924,149,147,0.013422819,2023_2024
Oregon,4173650,142,141,0.007042254,2023_2024
Florida,1225175,123,92,0.25203252,2023_2024
California,613756,,,,2023_2024
Florida,1224125,196,140,0.285714286,2023_2024
Connecticut,911078250,152,112,0.263157895,2023_2024
Florida,1258050,116,99,0.146551724,2023_2024
Florida,1238250,65,48,0.261538462,2023_2024
Arizona,423760,102,95,0.068627451,2023_2024
Virginia,51095,114,95,0.166666667,2023_2024
Connecticut,911071390,158,136,0.139240506,2023_2024
Ohio,39025,155,122,0.212903226,2023_2024
California,6045,63,55,0.126984127,2023_2024
Florida,1243125,135,111,0.177777778,2023_2024
New Jersey,3402359010,99,80,0.191919192,2023_2024
Illinois,17197,145,104,0.282758621,2023_2024
North Carolina,3732260,172,164,0.046511628,2023_2024
Illinois,1779293,172,166,0.034883721,2023_2024
Virginia,5167000,322,194,0.397515528,2023_2024
Oregon,4130550,120,116,0.033333333,2023_2024
Colorado,845255,91,76,0.164835165,2023_2024
Texas,4806128,106,75,0.29245283,2023_2024
Montana,3035600,217,178,0.179723502,2023_2024
Connecticut,918080280,142,109,0.232394366,2023_2024
Montana,3008950,179,156,0.12849162,2023_2024
California,666070,,,,2023_2024
Florida,1245000,135,106,0.214814815,2023_2024
Illinois,17143,,,,2023_2024
Virginia,51085,127,104,0.181102362,2023_2024
Colorado,8123,122,70,0.426229508,2023_2024
Georgia,1319000,232,179,0.228448276,2023_2024
Massachusetts,2502354310,227,226,0.004405286,2023_2024
Arizona,4005,112,91,0.1875,2023_2024
Illinois,1753234,291,182,0.374570447,2023_2024
Florida,1253575,126,117,0.071428571,2023_2024
Florida,1207525,131,108,0.175572519,2023_2024
Illinois,1718823,234,227,0.02991453,2023_2024
Florida,1257550,135,73,0.459259259,2023_2024
California,669084,103,81,0.213592233,2023_2024
Arkansas,523290,80,65,0.1875,2023_2024
California,655282,127,97,0.236220472,2023_2024
Minnesota,2754880,115,99,0.139130435,2023_2024
California,636294,98,73,0.255102041,2023_2024
Florida,1269700,117,79,0.324786325,2023_2024
North Carolina,3702140,127,124,0.023622047,2023_2024
Florida,1245060,,,,2023_2024
New Mexico,3570500,274,152,0.445255474,2023_2024
Massachusetts,2525172,131,82,0.374045802,2023_2024
California,614890,151,102,0.324503311,2023_2024
New York,3605953000,,,,2023_2024
Virginia,51061,110,94,0.145454545,2023_2024
California,662938,95,82,0.136842105,2023_2024
Texas,4822660,46,37,0.195652174,2023_2024
Florida,12005,,,,2023_2024
Arizona,412840,71,54,0.23943662,2023_2024
California,6021,92,66,0.282608696,2023_2024
Massachusetts,2577890,137,86,0.372262774,2023_2024
Kansas,2036000,145,101,0.303448276,2023_2024
California,617568,104,77,0.259615385,2023_2024
Wyoming,5613900,165,114,0.309090909,2023_2024
North Carolina,37097,97,73,0.24742268,2023_2024
Rhode Island,4480780,72,67,0.069444444,2023_2024
Missouri,2941348,120,104,0.133333333,2023_2024
Connecticut,918073770,108,96,0.111111111,2023_2024
California,617918,80,50,0.375,2023_2024
New Jersey,3400549020,114,82,0.280701754,2023_2024
Georgia,1304000,94,64,0.319148936,2023_2024
Texas,4852356,129,119,0.07751938,2023_2024
Washington,5380010,98,75,0.234693878,2023_2024
Kansas,2038900,112,102,0.089285714,2023_2024
Illinois,1735411,129,89,0.310077519,2023_2024
Florida,1239425,134,81,0.395522388,2023_2024
California,667042,67,45,0.328358209,2023_2024
Texas,4874144,86,61,0.290697674,2023_2024
Connecticut,914014160,117,90,0.230769231,2023_2024
Florida,12107,110,83,0.245454545,2023_2024
California,621230,234,169,0.277777778,2023_2024
Connecticut,911027600,107,78,0.271028037,2023_2024
Texas,4863284,58,36,0.379310345,2023_2024
Washington,5367167,91,70,0.230769231,2023_2024
Virginia,51019,121,100,0.173553719,2023_2024
California,600562,85,61,0.282352941,2023_2024
Massachusetts,2562535,118,86,0.271186441,2023_2024
Georgia,13063,78,57,0.269230769,2023_2024
South Carolina,45019,73,58,0.205479452,2023_2024
Washington,53035,223,159,0.286995516,2023_2024
California,629504,223,133,0.403587444,2023_2024
California,605290,,,,2023_2024
Virginia,5168000,164,143,0.12804878,2023_2024
Florida,1207950,90,72,0.2,2023_2024
Illinois,1773157,137,82,0.401459854,2023_2024
California,625338,72,58,0.194444444,2023_2024
Florida,1250750,87,51,0.413793103,2023_2024
Washington,5303180,81,81,0,2023_2024
Washington,5353545,43,26,0.395348837,2023_2024
Florida,1239550,92,78,0.152173913,2023_2024
Maine,2360545,142,97,0.316901408,2023_2024
New Jersey,3402970320,90,81,0.1,2023_2024
Texas,4875428,69,35,0.492753623,2023_2024
New Jersey,3400557510,84,74,0.119047619,2023_2024
New Hampshire,3318820,108,89,0.175925926,2023_2024
Oregon,4155200,104,54,0.480769231,2023_2024
Florida,1230000,152,126,0.171052632,2023_2024
Georgia,13117,87,81,0.068965517,2023_2024
Connecticut,911025360,88,78,0.113636364,2023_2024
Florida,1255775,,,,2023_2024
Massachusetts,2500520100,115,67,0.417391304,2023_2024
Illinois,1729730,85,51,0.4,2023_2024
California,678148,,,,2023_2024
Massachusetts,2508130,203,128,0.369458128,2023_2024
Virginia,5101000,116,99,0.146551724,2023_2024
North Carolina,3709060,113,69,0.389380531,2023_2024
Connecticut,952000,,,,2023_2024
Connecticut,911074540,92,70,0.239130435,2023_2024
Florida,1218575,90,71,0.211111111,2023_2024
Missouri,2915670,74,64,0.135135135,2023_2024
Florida,1217935,101,80,0.207920792,2023_2024
Texas,4826232,63,54,0.142857143,2023_2024
California,647710,70,45,0.357142857,2023_2024
Arizona,4025,93,65,0.301075269,2023_2024
Maryland,2430325,70,56,0.2,2023_2024
Rhode Island,4400951580,80,73,0.0875,2023_2024
Massachusetts,2502775015,95,62,0.347368421,2023_2024
Florida,12023,64,56,0.125,2023_2024
California,644574,81,63,0.222222222,2023_2024
Washington,5322640,66,61,0.075757576,2023_2024
Colorado,824785,67,55,0.179104478,2023_2024
Ohio,39165,122,92,0.245901639,2023_2024
Connecticut,912077200,161,117,0.273291925,2023_2024
Massachusetts,2526150,186,134,0.279569892,2023_2024
North Carolina,3719000,186,106,0.430107527,2023_2024
California,665028,68,58,0.147058824,2023_2024
Washington,5335275,48,36,0.25,2023_2024
Connecticut,968100,179,132,0.262569832,2023_2024
North Carolina,37069,67,53,0.208955224,2023_2024
California,673262,58,30,0.482758621,2023_2024
New Jersey,3402139510,84,69,0.178571429,2023_2024
Rhode Island,4400570880,92,70,0.239130435,2023_2024
Connecticut,911052140,,,,2023_2024
Colorado,845970,58,37,0.362068966,2023_2024
New Jersey,3402756460,86,71,0.174418605,2023_2024
Minnesota,2735180,68,57,0.161764706,2023_2024
Arkansas,561670,61,48,0.213114754,2023_2024
Ohio,39041,,,,2023_2024
Massachusetts,2501743895,,,,2023_2024
Texas,4819792,64,45,0.296875,2023_2024
California,600674,,,,2023_2024
Connecticut,911017800,69,54,0.217391304,2023_2024
Kansas,2052575,78,43,0.448717949,2023_2024
Florida,1260975,76,55,0.276315789,2023_2024
Florida,1215968,61,54,0.114754098,2023_2024
Minnesota,2759350,111,100,0.099099099,2023_2024
California,646898,,,,2023_2024
Illinois,1709447,90,56,0.377777778,2023_2024
Utah,4960930,69,64,0.072463768,2023_2024
California,629000,14,14,0,2023_2024
Indiana,1825000,161,130,0.192546584,2023_2024
Florida,1275812,59,50,0.152542373,2023_2024
Maryland,2431175,71,53,0.253521127,2023_2024
Virginia,5147672,78,71,0.08974359,2023_2024
Virginia,51031,80,69,0.1375,2023_2024
New York,3601000,93,70,0.247311828,2023_2024
California,624638,10,10,0,2023_2024
Arkansas,541000,154,142,0.077922078,2023_2024
Arkansas,505320,59,49,0.169491525,2023_2024
Louisiana,2208920,142,106,0.253521127,2023_2024
Texas,4835576,81,53,0.345679012,2023_2024
Idaho,16011,55,44,0.2,2023_2024
Ohio,3916000,75,70,0.066666667,2023_2024
Nevada,3209700,66,55,0.166666667,2023_2024
Connecticut,919083500,67,46,0.313432836,2023_2024
Rhode Island,4400766200,43,23,0.465116279,2023_2024
Utah,4916270,61,49,0.196721311,2023_2024
Michigan,26161,73,53,0.273972603,2023_2024
Kansas,2062700,86,62,0.279069767,2023_2024
Kentucky,21015,40,31,0.225,2023_2024
Florida,12129,42,31,0.261904762,2023_2024
Arkansas,5007,51,41,0.196078431,2023_2024
Texas,4813492,138,84,0.391304348,2023_2024
Illinois,1732018,58,45,0.224137931,2023_2024
Rhode Island,4400105140,48,29,0.395833333,2023_2024
Connecticut,919063970,53,41,0.226415094,2023_2024
Washington,5338038,48,47,0.020833333,2023_2024
Missouri,2954074,56,45,0.196428571,2023_2024
North Carolina,3759280,60,51,0.15,2023_2024
Florida,1200950,62,46,0.258064516,2023_2024
Minnesota,2717288,38,24,0.368421053,2023_2024
Minnesota,2740166,72,68,0.055555556,2023_2024
California,640130,25,17,0.32,2023_2024
Connecticut,911069220,66,36,0.454545455,2023_2024
Texas,4816612,35,25,0.285714286,2023_2024
New Jersey,3426340,62,58,0.064516129,2023_2024
Illinois,1724582,54,45,0.166666667,2023_2024
Utah,4958730,43,42,0.023255814,2023_2024
Missouri,2965000,,,,2023_2024
Kansas,2053775,58,43,0.25862069,2023_2024
Missouri,2906652,68,65,0.044117647,2023_2024
Minnesota,2713456,,,,2023_2024
Maryland,24043,56,46,0.178571429,2023_2024
Florida,1270600,71,57,0.197183099,2023_2024
Minnesota,2701900,46,45,0.02173913,2023_2024
California,603386,53,51,0.037735849,2023_2024
Florida,1235875,41,34,0.170731707,2023_2024
Utah,4950150,,,,2023_2024
Virginia,51149,75,71,0.053333333,2023_2024
Florida,1254075,56,37,0.339285714,2023_2024
Minnesota,2713114,68,63,0.073529412,2023_2024
Florida,1224300,24,18,0.25,2023_2024
Iowa,1938595,45,43,0.044444444,2023_2024
Georgia,13153,25,20,0.2,2023_2024
North Carolina,3711800,50,44,0.12,2023_2024
Virginia,5148952,45,34,0.244444444,2023_2024
Florida,1232275,12,10,0.166666667,2023_2024
Iowa,1979950,24,22,0.083333333,2023_2024
Pennsylvania,4207146896,61,57,0.06557377,2023_2024
Ohio,39061,112,64,0.428571429,2023_2024
North Carolina,3744520,38,35,0.078947368,2023_2024
Illinois,1751622,,,,2023_2024
Minnesota,2757220,53,49,0.075471698,2023_2024
Wyoming,56021,72,63,0.125,2023_2024
Massachusetts,2519370,107,61,0.429906542,2023_2024
South Carolina,45041,45,37,0.177777778,2023_2024
Florida,1239081,35,23,0.342857143,2023_2024
Missouri,2970000,32,29,0.09375,2023_2024
Florida,12119,,,,2023_2024
Florida,1250575,,,,2023_2024
Illinois,1720591,44,28,0.363636364,2023_2024
New Jersey,3455950,46,29,0.369565217,2023_2024
Texas,4819624,40,34,0.15,2023_2024
Florida,12111,75,57,0.24,2023_2024
California,606308,52,30,0.423076923,2023_2024
New Mexico,35045,63,44,0.301587302,2023_2024
Minnesota,2718116,44,29,0.340909091,2023_2024
Florida,12011,40,36,0.1,2023_2024
Illinois,1729938,48,38,0.208333333,2023_2024
Illinois,17089,,,,2023_2024
North Carolina,37035,,,,2023_2024
Ohio,3915000,,,,2023_2024
Connecticut,917044560,,,,2023_2024
Minnesota,2753026,56,41,0.267857143,2023_2024
New Jersey,3402359280,42,34,0.19047619,2023_2024
California,655618,40,22,0.45,2023_2024
Pennsylvania,4207183152,37,33,0.108108108,2023_2024
Connecticut,919050860,31,24,0.225806452,2023_2024
Minnesota,2743252,46,41,0.108695652,2023_2024
Connecticut,911012270,37,24,0.351351351,2023_2024
Georgia,13057,30,20,0.333333333,2023_2024
Pennsylvania,4202000,85,44,0.482352941,2023_2024
Michigan,2634000,37,28,0.243243243,2023_2024
Florida,1254700,32,19,0.40625,2023_2024
Florida,1213275,35,24,0.314285714,2023_2024
Massachusetts,2569170,82,48,0.414634146,2023_2024
Pennsylvania,4213319704,23,17,0.260869565,2023_2024
Ohio,3922694,47,30,0.361702128,2023_2024
Wisconsin,5540775,40,21,0.475,2023_2024
Connecticut,911072090,,,,2023_2024
Pennsylvania,4212746856,16,10,0.375,2023_2024
Idaho,16053,49,42,0.142857143,2023_2024
Florida,1276600,74,59,0.202702703,2023_2024
Illinois,1757225,72,65,0.097222222,2023_2024
Arkansas,504840,31,29,0.064516129,2023_2024
Illinois,1711358,,,,2023_2024
Pennsylvania,4201172824,,,,2023_2024
Minnesota,2718188,27,23,0.148148148,2023_2024
Virginia,5114968,68,63,0.073529412,2023_2024
North Carolina,3770540,12,11,0.083333333,2023_2024
Maryland,2467675,,,,2023_2024
Florida,12057,38,27,0.289473684,2023_2024
Connecticut,919063480,30,19,0.366666667,2023_2024
South Carolina,45077,28,23,0.178571429,2023_2024
Iowa,1901855,39,32,0.179487179,2023_2024
North Carolina,3728080,33,18,0.454545455,2023_2024
New Jersey,3403769690,38,35,0.078947368,2023_2024
Arizona,422220,65,46,0.292307692,2023_2024
Connecticut,919018850,31,21,0.322580645,2023_2024
Connecticut,915009190,49,40,0.183673469,2023_2024
Missouri,29043,,,,2023_2024
Minnesota,2717000,,,,2023_2024
Florida,1227322,22,19,0.136363636,2023_2024
Ohio,39109,21,21,0,2023_2024
Rhode Island,4400925300,31,24,0.225806452,2023_2024
Utah,4944320,52,48,0.076923077,2023_2024
Virginia,5129744,55,53,0.036363636,2023_2024
Florida,1239525,,,,2023_2024
New Hampshire,3300933860,23,21,0.086956522,2023_2024
Massachusetts,2527060,,,,2023_2024
North Carolina,37161,13,9,0.307692308,2023_2024
Washington,5340840,15,11,0.266666667,2023_2024
Wisconsin,5584675,22,14,0.363636364,2023_2024
Maryland,2401600,25,14,0.44,2023_2024
Utah,49047,24,22,0.083333333,2023_2024
North Carolina,37141,51,29,0.431372549,2023_2024
Minnesota,2759998,26,22,0.153846154,2023_2024
New Jersey,3473020,21,16,0.238095238,2023_2024
Nevada,3222500,48,38,0.208333333,2023_2024
Indiana,1854180,20,17,0.15,2023_2024
Minnesota,2769970,17,14,0.176470588,2023_2024
Iowa,1901630,13,13,0,2023_2024
Kentucky,2139142,,,,2023_2024
North Carolina,37193,5,5,0,2023_2024
Florida,1228452,25,13,0.48,2023_2024
South Carolina,4530850,8,5,0.375,2023_2024
New Jersey,3428710,24,18,0.25,2023_2024
New Jersey,3424420,23,17,0.260869565,2023_2024
Florida,1245025,17,12,0.294117647,2023_2024
Virginia,5135624,19,17,0.105263158,2023_2024
Idaho,1614680,24,21,0.125,2023_2024
Pennsylvania,4204144832,,,,2023_2024
Virginia,51047,,,,2023_2024
Pennsylvania,4207183256,,,,2023_2024
Minnesota,2754214,,,,2023_2024
Massachusetts,2502109175,,,,2023_2024
Connecticut,918033900,32,27,0.15625,2023_2024
Pennsylvania,4213383432,,,,2023_2024
Arizona,427400,21,17,0.19047619,2023_2024
Iowa,1911755,14,9,0.357142857,2023_2024
Pennsylvania,4223016,8,7,0.125,2023_2024
Georgia,13139,21,12,0.428571429,2023_2024
Massachusetts,2513660,10,8,0.2,2023_2024
South Carolina,4534045,10,6,0.4,2023_2024
Ohio,3977000,6,4,0.333333333,2023_2024
Oklahoma,4004450,,,,2023_2024
Kansas,2039075,9,7,0.222222222,2023_2024
Massachusetts,2502150250,5,3,0.4,2023_2024
New Jersey,3453850,12,11,0.083333333,2023_2024
Virginia,5107784,,,,2023_2024
Tennessee,4715400,6,5,0.166666667,2023_2024
South Carolina,45047,6,4,0.333333333,2023_2024
North Carolina,3702080,,,,2023_2024
Vermont,5046000,24,17,0.291666667,2023_2024
Pennsylvania,4232448,,,,2023_2024
Florida,1214250,16,13,0.1875,2023_2024
Minnesota,2707948,13,11,0.153846154,2023_2024
Iowa,1957360,23,13,0.434782609,2023_2024
Missouri,29077,23,12,0.47826087,2023_2024
Rhode Island,4400542400,22,12,0.454545455,2023_2024
California,672996,,,,2023_2024
Michigan,2612585480,9,6,0.333333333,2023_2024
Virginia,51089,,,,2023_2024
Indiana,1882862,13,9,0.307692308,2023_2024
Virginia,51145,19,11,0.421052632,2023_2024
Ohio,3925704,9,6,0.333333333,2023_2024
Georgia,1324768,5,5,0,2023_2024
South Carolina,45031,16,11,0.3125,2023_2024
Wyoming,56005,4,3,0.25,2023_2024
Kentucky,2163912,,,,2023_2024
Massachusetts,2546598,7,7,0,2023_2024
Massachusetts,2539835,15,13,0.133333333,2023_2024
Alabama,1003,6,6,0,2023_2024
Ohio,3975098,,,,2023_2024
Idaho,1667420,14,8,0.428571429,2023_2024
Nebraska,3128000,14,12,0.142857143,2023_2024
Tennessee,4729920,,,,2023_2024
Missouri,2975220,7,7,0,2023_2024
Idaho,1654550,8,6,0.25,2023_2024
South Dakota,4659020,,,,2023_2024
Massachusetts,2501336300,12,8,0.333333333,2023_2024
Virginia,5186160,11,6,0.454545455,2023_2024
North Dakota,3825700,5,5,0,2023_2024
Massachusetts,2500916250,1,1,0,2023_2024
California,684410,3,3,0,2023_2024
Massachusetts,2502340850,9,6,0.333333333,2023_2024
Minnesota,2739878,9,9,0,2023_2024
New Jersey,3421480,5,3,0.4,2023_2024
Virginia,51191,,,,2023_2024
Georgia,1349756,,,,2023_2024
Washington,5356695,6,5,0.166666667,2023_2024
Idaho,16031,,,,2023_2024
Tennessee,47145,,,,2023_2024
Ohio,3912000,,,,2023_2024
Tennessee,4739560,1,1,0,2023_2024
Idaho,16057,5,4,0.2,2023_2024
Iowa,1955110,,,,2023_2024
Pennsylvania,4214712,,,,2023_2024
New Hampshire,3312900,,,,2023_2024
Florida,12087,,,,2023_2024
Georgia,1331908,3,2,0.333333333,2023_2024
Tennessee,4728540,,,,2023_2024
New Jersey,3423910,2,2,0,2023_2024
Tennessee,4741200,,,,2023_2024
California,659587,,,,2023_2024
Pennsylvania,4209184888,1,1,0,2023_2024
Oregon,4164900,1,1,0,2023_2024
California,666000,23132,17379,0.248703095,2022_2024
California,6073,14681,12045,0.179551802,2022_2025
California,6065,13544,10280,0.240992321,2022_2026
Hawaii,15003,13196,11370,0.138375265,2022_2027
California,644000,9459,7550,0.201818374,2022_2028
Florida,12095,7016,5519,0.213369441,2022_2029
Nevada,3231900,6908,5708,0.173711639,2022_2030
Arizona,4013,6451,4800,0.255929313,2022_2031
Texas,4865000,6185,4443,0.281649151,2022_2032
California,6029,6073,4154,0.315988803,2022_2033
Nevada,3251800,5958,5105,0.143168849,2022_2034
New Mexico,3502000,5791,5514,0.047832844,2022_2035
California,613392,5083,5058,0.004918355,2022_2036
Texas,4827000,5016,3757,0.25099681,2022_2037
Texas,4824000,4382,3857,0.119808307,2022_2038
California,6013,4184,2774,0.336998088,2022_2039
Florida,12105,4153,3406,0.179869974,2022_2040
Colorado,804000,4018,3237,0.194375311,2022_2041
California,653322,3894,2937,0.245762712,2022_2042
California,6079,3635,2309,0.364786795,2022_2043
Florida,12101,3611,3520,0.025200775,2022_2044
Oklahoma,4055000,3448,2588,0.249419954,2022_2045
California,653000,3389,1801,0.468574801,2022_2046
Nevada,32003,3336,2763,0.17176259,2022_2047
Florida,12097,3315,2524,0.238612368,2022_2048
Florida,12071,3245,2686,0.172265023,2022_2049
Florida,1210275,3219,1900,0.409754582,2022_2050
California,675000,3115,2892,0.071589085,2022_2051
Pennsylvania,4260000,3113,2804,0.099261163,2022_2052
California,682590,3106,2067,0.334513844,2022_2053
California,6107,3106,2283,0.264971024,2022_2054
Florida,12086,3031,2468,0.185747278,2022_2055
California,636770,3016,1713,0.432029178,2022_2056
California,678120,2998,2441,0.185790527,2022_2057
California,682954,2983,2563,0.140797855,2022_2058
Florida,12015,2968,2816,0.051212938,2022_2059
California,6061,2961,1838,0.379263762,2022_2060
California,614218,2957,1782,0.397362191,2022_2061
California,649270,2911,2120,0.271727929,2022_2062
California,6097,2894,2305,0.203524534,2022_2063
California,616350,2744,2370,0.136297376,2022_2064
Maryland,24031,2723,2252,0.172970988,2022_2065
Florida,1258715,2691,1838,0.316982534,2022_2066
California,626000,2686,1456,0.457930007,2022_2067
Florida,12083,2630,1880,0.285171103,2022_2068
Florida,12099,2488,1915,0.230305466,2022_2069
California,613014,2460,2078,0.155284553,2022_2070
California,602252,2454,1965,0.199266504,2022_2071
California,623182,2430,1858,0.235390947,2022_2072
Arizona,407940,2394,2141,0.105680869,2022_2073
Washington,5363000,2274,2097,0.077836412,2022_2074
Virginia,5182000,2269,2042,0.100044072,2022_2075
Colorado,8077,2225,2080,0.065168539,2022_2076
Nevada,3260600,2214,1419,0.359078591,2022_2077
Florida,1254000,2166,1864,0.139427516,2022_2078
California,6039,2152,1627,0.243959108,2022_2079
Massachusetts,2567000,2077,1241,0.402503611,2022_2080
California,622020,2051,1754,0.144807411,2022_2081
Virginia,51059,2037,1683,0.173784978,2022_2082
California,678582,2033,1432,0.295622233,2022_2083
California,645484,2022,1970,0.025717112,2022_2084
California,6017,1999,1922,0.03851926,2022_2085
California,656700,1939,997,0.485817432,2022_2086
Maryland,24003,1928,1630,0.154564315,2022_2087
California,653896,1926,1047,0.456386293,2022_2088
Texas,4804000,1925,1217,0.367792208,2022_2089
California,6007,1920,1578,0.178125,2022_2090
Virginia,51153,1890,1639,0.132804233,2022_2091
California,633000,1889,1220,0.354155638,2022_2092
Kentucky,2148006,1843,1456,0.209983722,2022_2093
California,662000,1834,1416,0.227917121,2022_2094
California,682996,1820,1234,0.321978022,2022_2095
California,669088,1770,1507,0.148587571,2022_2096
California,668196,1759,1512,0.140420694,2022_2097
Oregon,4159000,1736,1621,0.06624424,2022_2098
Florida,12021,1726,979,0.432792584,2022_2099
California,631960,1691,1317,0.221170905,2022_2100
Colorado,807850,1666,1184,0.289315726,2022_2101
California,662364,1653,1352,0.182093164,2022_2102
California,6057,1650,1424,0.136969697,2022_2103
Virginia,5116000,1643,1543,0.060864273,2022_2104
California,641992,1639,1254,0.234899329,2022_2105
California,680238,1637,1404,0.142333537,2022_2106
Texas,4845000,1636,1482,0.094132029,2022_2107
Florida,12081,1617,1312,0.188620903,2022_2108
Texas,4819000,1606,927,0.422789539,2022_2109
California,628000,1601,1087,0.321049344,2022_2110
Florida,12103,1586,1553,0.020807062,2022_2111
Florida,12009,1572,1207,0.232188295,2022_2112
California,6083,1572,1294,0.176844784,2022_2113
California,620018,1559,1373,0.119307248,2022_2114
Nevada,32031,1545,1227,0.205825243,2022_2115
California,637692,1533,1123,0.267449446,2022_2116
California,608142,1525,1308,0.142295082,2022_2117
California,636000,1514,815,0.461690885,2022_2118
New York,3605934000,1508,1111,0.263262599,2022_2119
California,653980,1499,1255,0.162775183,2022_2120
Colorado,803455,1473,1071,0.272912424,2022_2121
Arizona,412000,1460,1202,0.176712329,2022_2122
Virginia,51107,1451,1103,0.239834597,2022_2123
California,639496,1450,959,0.33862069,2022_2124
Florida,1253000,1398,1266,0.094420601,2022_2125
California,616000,1381,1142,0.173062998,2022_2126
California,686972,1380,970,0.297101449,2022_2127
New Mexico,3539380,1374,1250,0.090247453,2022_2128
Maryland,24027,1368,1293,0.054824561,2022_2129
California,659451,1363,757,0.444607483,2022_2130
Oklahoma,4075000,1359,938,0.309786608,2022_2131
California,657792,1314,1307,0.005327245,2022_2132
California,658520,1305,1100,0.157088123,2022_2133
California,658240,1303,1007,0.227168074,2022_2134
Arizona,485540,1268,1094,0.137223975,2022_2135
California,613214,1251,1028,0.178257394,2022_2136
Virginia,51041,1248,1038,0.168269231,2022_2137
California,606000,1244,1170,0.059485531,2022_2138
California,664000,1238,996,0.195476575,2022_2139
California,677000,1228,955,0.222312704,2022_2140
California,6089,1224,1015,0.170751634,2022_2141
California,684816,1222,1048,0.142389525,2022_2142
California,650076,1219,1053,0.136177194,2022_2143
New York,3610304000,1217,1217,0,2022_2144
Nevada,3268400,1203,942,0.216957606,2022_2145
California,650258,1202,980,0.18469218,2022_2146
California,687042,1191,915,0.231738035,2022_2147
Texas,4827684,1188,1003,0.155723906,2022_2148
California,660620,1182,906,0.233502538,2022_2149
North Carolina,3755000,1176,1013,0.138605442,2022_2150
Missouri,2938000,1173,930,0.207161125,2022_2151
California,633182,1161,884,0.238587425,2022_2152
California,665084,1157,966,0.165082109,2022_2153
Colorado,812415,1156,914,0.209342561,2022_2154
California,686832,1155,1048,0.092640693,2022_2155
California,653070,1154,900,0.220103986,2022_2156
Colorado,883835,1145,968,0.154585153,2022_2157
California,640004,1137,876,0.229551451,2022_2158
California,649278,1135,905,0.202643172,2022_2159
California,655184,1135,1016,0.104845815,2022_2160
Colorado,843000,1134,963,0.150793651,2022_2161
Colorado,827425,1124,943,0.161032028,2022_2162
Florida,12069,1118,988,0.11627907,2022_2163
California,639248,1116,786,0.295698925,2022_2164
California,656784,1103,894,0.189483228,2022_2165
California,683346,1102,882,0.199637024,2022_2166
Virginia,51179,1100,842,0.234545455,2022_2167
Idaho,1608830,1091,881,0.19248396,2022_2168
Oregon,4105800,1089,1018,0.065197429,2022_2169
California,668154,1076,749,0.303903346,2022_2170
Florida,12055,1049,760,0.275500477,2022_2171
Florida,12109,1042,937,0.100767754,2022_2172
Massachusetts,2509000,1040,532,0.488461538,2022_2173
California,654652,1039,751,0.277189605,2022_2174
Virginia,51087,1022,955,0.06555773,2022_2175
Colorado,832155,995,868,0.127638191,2022_2176
Colorado,812815,989,850,0.140546006,2022_2177
Texas,4830464,981,714,0.272171254,2022_2178
Texas,4847892,979,627,0.359550562,2022_2179
Texas,4858016,973,802,0.175745118,2022_2180
California,6115,968,739,0.236570248,2022_2181
Wisconsin,5548000,967,902,0.067218201,2022_2182
Texas,4845744,945,753,0.203174603,2022_2183
New Mexico,35001,930,930,0,2022_2184
California,639486,924,773,0.163419913,2022_2185
Florida,1254200,918,783,0.147058824,2022_2186
California,6053,914,536,0.41356674,2022_2187
California,670224,900,796,0.115555556,2022_2188
California,669196,898,664,0.260579065,2022_2189
California,681666,894,657,0.265100671,2022_2190
California,617988,886,549,0.380361174,2022_2191
Massachusetts,2537490,872,648,0.256880734,2022_2192
California,630000,870,783,0.1,2022_2193
California,648354,866,621,0.282909931,2022_2194
Louisiana,2255000,862,536,0.378190255,2022_2195
Colorado,816495,860,726,0.155813953,2022_2196
California,668378,857,604,0.295215869,2022_2197
Connecticut,908420,847,648,0.234946871,2022_2198
California,667112,844,536,0.36492891,2022_2199
California,659444,835,648,0.223952096,2022_2200
California,603064,830,688,0.171084337,2022_2201
California,643280,818,709,0.133251834,2022_2202
Colorado,809280,815,723,0.112883436,2022_2203
California,664224,812,619,0.237684729,2022_2204
Illinois,1712385,812,678,0.165024631,2022_2205
California,652582,806,628,0.220843672,2022_2206
California,686328,806,678,0.158808933,2022_2207
California,680854,798,587,0.264411028,2022_2208
New Jersey,3402382000,797,688,0.136762861,2022_2209
Arizona,451600,793,728,0.081967213,2022_2210
California,668252,793,624,0.213114754,2022_2211
Connecticut,911022630,792,554,0.300505051,2022_2212
Maryland,24017,775,624,0.19483871,2022_2213
Massachusetts,2500123105,770,541,0.297402597,2022_2214
California,630014,766,608,0.206266319,2022_2215
Florida,12017,763,615,0.193971166,2022_2216
Virginia,51177,752,646,0.140957447,2022_2217
California,6075,747,472,0.368139224,2022_2218
California,668364,733,614,0.162346521,2022_2219
California,647766,733,592,0.192360164,2022_2220
California,6081,724,690,0.046961326,2022_2221
California,680000,722,671,0.070637119,2022_2222
California,668028,722,631,0.126038781,2022_2223
South Carolina,45083,721,509,0.294036061,2022_2224
California,641152,721,596,0.173370319,2022_2225
Colorado,857630,711,577,0.188466948,2022_2226
California,662546,698,494,0.29226361,2022_2227
California,669112,679,604,0.110456554,2022_2228
Connecticut,911044700,675,569,0.157037037,2022_2229
Arizona,444410,667,490,0.265367316,2022_2230
North Carolina,3774440,666,371,0.442942943,2022_2231
Utah,4967000,665,655,0.015037594,2022_2232
Maryland,24025,663,555,0.162895928,2022_2233
Virginia,5156000,662,576,0.129909366,2022_2234
California,659962,659,527,0.20030349,2022_2235
California,6023,659,448,0.320182094,2022_2236
Florida,1262625,649,556,0.143297381,2022_2237
Oregon,41005,642,510,0.205607477,2022_2238
Texas,4813024,638,424,0.335423197,2022_2239
California,6099,635,622,0.020472441,2022_2240
Arizona,4003,627,499,0.20414673,2022_2241
California,646114,611,511,0.163666121,2022_2242
California,659514,608,508,0.164473684,2022_2243
Texas,4841980,603,564,0.064676617,2022_2244
Florida,12091,601,367,0.389351082,2022_2245
Connecticut,911070550,596,489,0.179530201,2022_2246
California,651182,591,326,0.448392555,2022_2247
California,642202,587,477,0.187393526,2022_2248
North Carolina,3710740,582,551,0.053264605,2022_2249
Oregon,4131250,581,551,0.051635112,2022_2250
Florida,1224000,574,373,0.350174216,2022_2251
California,644112,571,477,0.164623468,2022_2252
Texas,4876000,560,328,0.414285714,2022_2253
California,683542,558,424,0.240143369,2022_2254
California,618394,558,323,0.421146953,2022_2255
Massachusetts,2502690,556,434,0.21942446,2022_2256
Virginia,5157000,556,449,0.192446043,2022_2257
Colorado,8035,552,527,0.045289855,2022_2258
Nevada,3224900,549,425,0.225865209,2022_2259
Florida,1216525,549,462,0.158469945,2022_2260
Colorado,8013,544,423,0.222426471,2022_2261
California,639290,540,356,0.340740741,2022_2262
North Carolina,37021,528,381,0.278409091,2022_2263
California,622300,523,443,0.152963671,2022_2264
California,612552,522,427,0.181992337,2022_2265
Pennsylvania,4261000,522,413,0.208812261,2022_2266
California,648914,522,520,0.003831418,2022_2267
Florida,1243975,521,480,0.078694818,2022_2268
Connecticut,918430,515,413,0.198058252,2022_2269
Florida,1236950,513,375,0.269005848,2022_2270
Georgia,13135,513,270,0.473684211,2022_2271
Florida,1212875,512,377,0.263671875,2022_2272
California,616532,504,333,0.339285714,2022_2273
California,659920,504,458,0.091269841,2022_2274
California,617946,495,387,0.218181818,2022_2275
Idaho,1612250,492,406,0.174796748,2022_2276
Florida,12019,489,379,0.224948875,2022_2277
Arizona,473000,488,428,0.12295082,2022_2278
Texas,4856348,485,286,0.410309278,2022_2279
New Hampshire,3314200,482,390,0.190871369,2022_2280
California,660102,480,406,0.154166667,2022_2281
Florida,1235000,472,360,0.237288136,2022_2282
Wisconsin,5553000,469,291,0.379530917,2022_2283
California,681554,467,300,0.357601713,2022_2284
California,656000,466,357,0.233905579,2022_2285
Connecticut,949880,466,359,0.229613734,2022_2286
California,639220,462,368,0.203463203,2022_2287
California,685292,455,278,0.389010989,2022_2288
California,654232,451,394,0.126385809,2022_2289
Washington,5370000,446,445,0.002242152,2022_2290
Arizona,446000,446,339,0.239910314,2022_2291
Oklahoma,4009050,442,306,0.307692308,2022_2292
California,646870,440,275,0.375,2022_2293
Maryland,24021,436,390,0.105504587,2022_2294
Arizona,457380,431,379,0.120649652,2022_2295
California,621796,424,349,0.176886792,2022_2296
Texas,4819972,423,388,0.082742317,2022_2297
Maryland,24013,421,278,0.339667458,2022_2298
Montana,3050200,416,415,0.002403846,2022_2299
Indiana,1836003,414,355,0.142512077,2022_2300
Florida,12085,413,322,0.220338983,2022_2301
North Carolina,37183,409,321,0.215158924,2022_2302
Iowa,1921000,407,243,0.402948403,2022_2303
Florida,1214400,402,306,0.23880597,2022_2304
Illinois,1703012,399,316,0.20802005,2022_2305
California,645778,398,397,0.002512563,2022_2306
Idaho,16027,398,280,0.296482412,2022_2307
Michigan,2603000,398,313,0.213567839,2022_2308
Utah,4920810,397,368,0.073047859,2022_2309
Oregon,4105350,396,234,0.409090909,2022_2310
Florida,12001,394,282,0.284263959,2022_2311
Colorado,8001,390,369,0.053846154,2022_2312
Florida,1278250,389,362,0.06940874,2022_2313
Washington,5357745,383,316,0.174934726,2022_2314
California,609598,375,304,0.189333333,2022_2315
Missouri,29189,372,255,0.314516129,2022_2316
California,640704,371,304,0.180592992,2022_2317
California,665070,369,319,0.135501355,2022_2318
California,685922,369,321,0.130081301,2022_2319
Florida,1263650,368,328,0.108695652,2022_2320
Colorado,8069,368,331,0.100543478,2022_2321
Washington,5351300,366,255,0.303278689,2022_2322
North Carolina,37085,365,320,0.123287671,2022_2323
California,605108,363,286,0.212121212,2022_2324
Nevada,32005,362,259,0.284530387,2022_2325
Texas,4872176,362,265,0.267955801,2022_2326
California,628168,361,252,0.301939058,2022_2327
New Jersey,3436000,355,289,0.185915493,2022_2328
Ohio,39017,354,248,0.299435028,2022_2329
Florida,12073,354,351,0.008474576,2022_2330
Missouri,2935000,354,320,0.096045198,2022_2331
Georgia,1369000,351,241,0.313390313,2022_2332
Florida,1256975,350,262,0.251428571,2022_2333
California,657764,349,247,0.29226361,2022_2334
Maryland,24009,348,247,0.290229885,2022_2335
North Carolina,37133,347,283,0.18443804,2022_2336
Texas,4801924,344,315,0.084302326,2022_2337
Oregon,4173650,343,341,0.005830904,2022_2338
Florida,1225175,342,223,0.347953216,2022_2339
California,613756,340,205,0.397058824,2022_2340
Florida,1224125,338,227,0.328402367,2022_2341
Connecticut,911078250,337,264,0.216617211,2022_2342
Florida,1258050,337,269,0.201780415,2022_2343
Florida,1238250,337,289,0.142433234,2022_2344
Arizona,423760,337,318,0.056379822,2022_2345
Virginia,51095,333,299,0.102102102,2022_2346
Connecticut,911071390,332,280,0.156626506,2022_2347
Ohio,39025,331,270,0.18429003,2022_2348
California,6045,331,276,0.166163142,2022_2349
Florida,1243125,329,239,0.273556231,2022_2350
New Jersey,3402359010,329,294,0.106382979,2022_2351
Illinois,17197,323,261,0.191950464,2022_2352
North Carolina,3732260,323,309,0.043343653,2022_2353
Illinois,1779293,323,315,0.024767802,2022_2354
Virginia,5167000,322,194,0.397515528,2022_2355
Oregon,4130550,320,305,0.046875,2022_2356
Colorado,845255,319,283,0.112852665,2022_2357
Texas,4806128,319,247,0.225705329,2022_2358
Montana,3035600,317,276,0.129337539,2022_2359
Connecticut,918080280,316,274,0.132911392,2022_2360
Montana,3008950,315,278,0.117460317,2022_2361
California,666070,307,271,0.117263844,2022_2362
Florida,1245000,307,256,0.166123779,2022_2363
Illinois,17143,306,246,0.196078431,2022_2364
Virginia,51085,304,254,0.164473684,2022_2365
Colorado,8123,303,211,0.303630363,2022_2366
Georgia,1319000,301,234,0.222591362,2022_2367
Massachusetts,2502354310,293,268,0.085324232,2022_2368
Arizona,4005,291,269,0.075601375,2022_2369
Illinois,1753234,291,182,0.374570447,2022_2370
Florida,1253575,289,257,0.110726644,2022_2371
Florida,1207525,287,248,0.135888502,2022_2372
Illinois,1718823,287,264,0.080139373,2022_2373
Florida,1257550,280,174,0.378571429,2022_2374
California,669084,279,222,0.204301075,2022_2375
Arkansas,523290,279,230,0.17562724,2022_2376
California,655282,278,227,0.183453237,2022_2377
Minnesota,2754880,278,207,0.255395683,2022_2378
California,636294,277,232,0.162454874,2022_2379
Florida,1269700,276,207,0.25,2022_2380
North Carolina,3702140,276,271,0.018115942,2022_2381
Florida,1245060,274,181,0.339416058,2022_2382
New Mexico,3570500,274,152,0.445255474,2022_2383
Massachusetts,2525172,273,190,0.304029304,2022_2384
California,614890,271,171,0.36900369,2022_2385
New York,3605953000,269,173,0.356877323,2022_2386
Virginia,51061,265,236,0.109433962,2022_2387
California,662938,264,241,0.087121212,2022_2388
Texas,4822660,263,197,0.25095057,2022_2389
Florida,12005,263,167,0.365019011,2022_2390
Arizona,412840,262,200,0.236641221,2022_2391
California,6021,261,209,0.199233716,2022_2392
Massachusetts,2577890,260,182,0.3,2022_2393
Kansas,2036000,260,173,0.334615385,2022_2394
California,617568,260,212,0.184615385,2022_2395
Wyoming,5613900,260,187,0.280769231,2022_2396
North Carolina,37097,259,209,0.193050193,2022_2397
Rhode Island,4480780,258,231,0.104651163,2022_2398
Missouri,2941348,257,235,0.085603113,2022_2399
Connecticut,918073770,255,228,0.105882353,2022_2400
California,617918,253,197,0.221343874,2022_2401
New Jersey,3400549020,253,193,0.23715415,2022_2402
Georgia,1304000,252,217,0.138888889,2022_2403
Texas,4852356,250,228,0.088,2022_2404
Washington,5380010,248,211,0.149193548,2022_2405
Kansas,2038900,246,227,0.077235772,2022_2406
Illinois,1735411,246,185,0.24796748,2022_2407
Florida,1239425,244,149,0.389344262,2022_2408
California,667042,238,186,0.218487395,2022_2409
Texas,4874144,237,185,0.219409283,2022_2410
Connecticut,914014160,235,193,0.178723404,2022_2411
Florida,12107,234,184,0.213675214,2022_2412
California,621230,234,169,0.277777778,2022_2413
Connecticut,911027600,233,185,0.206008584,2022_2414
Texas,4863284,233,145,0.377682403,2022_2415
Washington,5367167,232,193,0.168103448,2022_2416
Virginia,51019,232,204,0.120689655,2022_2417
California,600562,231,185,0.199134199,2022_2418
Massachusetts,2562535,230,185,0.195652174,2022_2419
Georgia,13063,225,153,0.32,2022_2420
South Carolina,45019,223,194,0.130044843,2022_2421
Washington,53035,223,159,0.286995516,2022_2422
California,629504,223,133,0.403587444,2022_2423
California,605290,222,222,0,2022_2424
Virginia,5168000,222,184,0.171171171,2022_2425
Florida,1207950,221,177,0.199095023,2022_2426
Illinois,1773157,221,164,0.257918552,2022_2427
California,625338,221,191,0.135746606,2022_2428
Florida,1250750,220,149,0.322727273,2022_2429
Washington,5303180,219,219,0,2022_2430
Washington,5353545,218,200,0.082568807,2022_2431
Florida,1239550,217,176,0.188940092,2022_2432
Maine,2360545,217,141,0.350230415,2022_2433
New Jersey,3402970320,216,195,0.097222222,2022_2434
Texas,4875428,216,130,0.398148148,2022_2435
New Jersey,3400557510,212,183,0.136792453,2022_2436
New Hampshire,3318820,210,163,0.223809524,2022_2437
Oregon,4155200,209,152,0.272727273,2022_2438
Florida,1230000,209,159,0.23923445,2022_2439
Georgia,13117,209,193,0.076555024,2022_2440
Connecticut,911025360,208,187,0.100961538,2022_2441
Florida,1255775,208,127,0.389423077,2022_2442
Massachusetts,2500520100,207,118,0.429951691,2022_2443
Illinois,1729730,206,155,0.247572816,2022_2444
California,678148,205,173,0.156097561,2022_2445
Massachusetts,2508130,203,128,0.369458128,2022_2446
Virginia,5101000,201,181,0.099502488,2022_2447
North Carolina,3709060,201,119,0.407960199,2022_2448
Connecticut,952000,199,108,0.457286432,2022_2449
Connecticut,911074540,198,164,0.171717172,2022_2450
Florida,1218575,198,175,0.116161616,2022_2451
Missouri,2915670,198,186,0.060606061,2022_2452
Florida,1217935,196,161,0.178571429,2022_2453
Texas,4826232,196,165,0.158163265,2022_2454
California,647710,195,147,0.246153846,2022_2455
Arizona,4025,194,145,0.25257732,2022_2456
Maryland,2430325,192,171,0.109375,2022_2457
Rhode Island,4400951580,190,174,0.084210526,2022_2458
Massachusetts,2502775015,190,117,0.384210526,2022_2459
Florida,12023,189,166,0.121693122,2022_2460
California,644574,189,145,0.232804233,2022_2461
Washington,5322640,188,183,0.026595745,2022_2462
Colorado,824785,187,169,0.096256684,2022_2463
Ohio,39165,186,146,0.215053763,2022_2464
Connecticut,912077200,186,135,0.274193548,2022_2465
Massachusetts,2526150,186,134,0.279569892,2022_2466
North Carolina,3719000,186,106,0.430107527,2022_2467
California,665028,183,144,0.213114754,2022_2468
Washington,5335275,181,169,0.066298343,2022_2469
Connecticut,968100,179,132,0.262569832,2022_2470
North Carolina,37069,178,137,0.230337079,2022_2471
California,673262,178,115,0.353932584,2022_2472
New Jersey,3402139510,176,151,0.142045455,2022_2473
Rhode Island,4400570880,175,141,0.194285714,2022_2474
Connecticut,911052140,175,147,0.16,2022_2475
Colorado,845970,174,133,0.235632184,2022_2476
New Jersey,3402756460,173,150,0.132947977,2022_2477
Minnesota,2735180,170,157,0.076470588,2022_2478
Arkansas,561670,169,128,0.24260355,2022_2479
Ohio,39041,169,101,0.402366864,2022_2480
Massachusetts,2501743895,169,89,0.473372781,2022_2481
Texas,4819792,168,125,0.255952381,2022_2482
California,600674,167,120,0.281437126,2022_2483
Connecticut,911017800,167,134,0.19760479,2022_2484
Kansas,2052575,166,116,0.301204819,2022_2485
Florida,1260975,164,115,0.298780488,2022_2486
Florida,1215968,164,148,0.097560976,2022_2487
Minnesota,2759350,163,149,0.085889571,2022_2488
California,646898,163,133,0.18404908,2022_2489
Illinois,1709447,162,127,0.216049383,2022_2490
Utah,4960930,162,143,0.117283951,2022_2491
California,629000,161,115,0.285714286,2022_2492
Indiana,1825000,161,130,0.192546584,2022_2493
Florida,1275812,159,132,0.169811321,2022_2494
Maryland,2431175,158,130,0.17721519,2022_2495
Virginia,5147672,157,143,0.089171975,2022_2496
Virginia,51031,154,135,0.123376623,2022_2497
New York,3601000,154,121,0.214285714,2022_2498
California,624638,154,134,0.12987013,2022_2499
Arkansas,541000,154,142,0.077922078,2022_2500
Arkansas,505320,153,137,0.104575163,2022_2501
Louisiana,2208920,153,115,0.248366013,2022_2502
Texas,4835576,151,106,0.298013245,2022_2503
Idaho,16011,151,127,0.158940397,2022_2504
Ohio,3916000,151,145,0.039735099,2022_2505
Nevada,3209700,150,110,0.266666667,2022_2506
Connecticut,919083500,149,101,0.322147651,2022_2507
Rhode Island,4400766200,147,101,0.31292517,2022_2508
Utah,4916270,143,118,0.174825175,2022_2509
Michigan,26161,143,121,0.153846154,2022_2510
Kansas,2062700,143,108,0.244755245,2022_2511
Kentucky,21015,142,117,0.176056338,2022_2512
Florida,12129,138,121,0.123188406,2022_2513
Arkansas,5007,138,115,0.166666667,2022_2514
Texas,4813492,138,84,0.391304348,2022_2515
Illinois,1732018,137,99,0.277372263,2022_2516
Rhode Island,4400105140,136,102,0.25,2022_2517
Connecticut,919063970,136,112,0.176470588,2022_2518
Washington,5338038,134,117,0.126865672,2022_2519
Missouri,2954074,133,114,0.142857143,2022_2520
North Carolina,3759280,132,117,0.113636364,2022_2521
Florida,1200950,131,103,0.213740458,2022_2522
Minnesota,2717288,130,104,0.2,2022_2523
Minnesota,2740166,129,114,0.11627907,2022_2524
California,640130,128,109,0.1484375,2022_2525
Connecticut,911069220,128,75,0.4140625,2022_2526
Texas,4816612,128,90,0.296875,2022_2527
New Jersey,3426340,127,112,0.118110236,2022_2528
Illinois,1724582,126,111,0.119047619,2022_2529
Utah,4958730,126,111,0.119047619,2022_2530
Missouri,2965000,125,75,0.4,2022_2531
Kansas,2053775,123,101,0.178861789,2022_2532
Missouri,2906652,122,119,0.024590164,2022_2533
Minnesota,2713456,120,68,0.433333333,2022_2534
Maryland,24043,119,101,0.151260504,2022_2535
Florida,1270600,118,98,0.169491525,2022_2536
Minnesota,2701900,118,108,0.084745763,2022_2537
California,603386,116,107,0.077586207,2022_2538
Florida,1235875,116,100,0.137931034,2022_2539
Utah,4950150,115,115,0,2022_2540
Virginia,51149,115,110,0.043478261,2022_2541
Florida,1254075,115,73,0.365217391,2022_2542
Minnesota,2713114,115,105,0.086956522,2022_2543
Florida,1224300,115,103,0.104347826,2022_2544
Iowa,1938595,114,97,0.149122807,2022_2545
Georgia,13153,114,75,0.342105263,2022_2546
North Carolina,3711800,114,103,0.096491228,2022_2547
Virginia,5148952,114,86,0.245614035,2022_2548
Florida,1232275,113,98,0.132743363,2022_2549
Iowa,1979950,113,105,0.07079646,2022_2550
Pennsylvania,4207146896,112,108,0.035714286,2022_2551
Ohio,39061,112,64,0.428571429,2022_2552
North Carolina,3744520,109,104,0.04587156,2022_2553
Illinois,1751622,107,82,0.23364486,2022_2554
Minnesota,2757220,107,103,0.037383178,2022_2555
Wyoming,56021,107,96,0.102803738,2022_2556
Massachusetts,2519370,107,61,0.429906542,2022_2557
South Carolina,45041,105,86,0.180952381,2022_2558
Florida,1239081,105,83,0.20952381,2022_2559
Missouri,2970000,102,90,0.117647059,2022_2560
Florida,12119,102,75,0.264705882,2022_2561
Florida,1250575,100,53,0.47,2022_2562
Illinois,1720591,100,70,0.3,2022_2563
New Jersey,3455950,99,64,0.353535354,2022_2564
Texas,4819624,98,75,0.234693878,2022_2565
Florida,12111,98,79,0.193877551,2022_2566
California,606308,98,66,0.326530612,2022_2567
New Mexico,35045,98,67,0.316326531,2022_2568
Minnesota,2718116,97,73,0.24742268,2022_2569
Florida,12011,96,80,0.166666667,2022_2570
Illinois,1729938,96,78,0.1875,2022_2571
Illinois,17089,96,63,0.34375,2022_2572
North Carolina,37035,96,57,0.40625,2022_2573
Ohio,3915000,96,75,0.21875,2022_2574
Connecticut,917044560,95,55,0.421052632,2022_2575
Minnesota,2753026,94,73,0.223404255,2022_2576
New Jersey,3402359280,94,78,0.170212766,2022_2577
California,655618,92,68,0.260869565,2022_2578
Pennsylvania,4207183152,92,84,0.086956522,2022_2579
Connecticut,919050860,91,77,0.153846154,2022_2580
Minnesota,2743252,87,76,0.126436782,2022_2581
Connecticut,911012270,87,66,0.24137931,2022_2582
Georgia,13057,85,61,0.282352941,2022_2583
Pennsylvania,4202000,85,44,0.482352941,2022_2584
Michigan,2634000,84,65,0.226190476,2022_2585
Florida,1254700,83,61,0.265060241,2022_2586
Florida,1213275,82,61,0.256097561,2022_2587
Massachusetts,2569170,82,48,0.414634146,2022_2588
Pennsylvania,4213319704,78,72,0.076923077,2022_2589
Ohio,3922694,78,50,0.358974359,2022_2590
Wisconsin,5540775,77,58,0.246753247,2022_2591
Connecticut,911072090,77,49,0.363636364,2022_2592
Pennsylvania,4212746856,76,63,0.171052632,2022_2593
Idaho,16053,76,57,0.25,2022_2594
Florida,1276600,74,59,0.202702703,2022_2595
Illinois,1757225,73,66,0.095890411,2022_2596
Arkansas,504840,70,60,0.142857143,2022_2597
Illinois,1711358,69,58,0.15942029,2022_2598
Pennsylvania,4201172824,68,59,0.132352941,2022_2599
Minnesota,2718188,68,55,0.191176471,2022_2600
Virginia,5114968,68,63,0.073529412,2022_2601
North Carolina,3770540,67,65,0.029850746,2022_2602
Maryland,2467675,67,49,0.268656716,2022_2603
Florida,12057,67,48,0.28358209,2022_2604
Connecticut,919063480,67,46,0.313432836,2022_2605
South Carolina,45077,66,59,0.106060606,2022_2606
Iowa,1901855,66,52,0.212121212,2022_2607
North Carolina,3728080,66,51,0.227272727,2022_2608
New Jersey,3403769690,65,59,0.092307692,2022_2609
Arizona,422220,65,46,0.292307692,2022_2610
Connecticut,919018850,63,45,0.285714286,2022_2611
Connecticut,915009190,61,47,0.229508197,2022_2612
Missouri,29043,60,45,0.25,2022_2613
Minnesota,2717000,58,31,0.465517241,2022_2614
Florida,1227322,58,54,0.068965517,2022_2615
Ohio,39109,58,58,0,2022_2616
Rhode Island,4400925300,56,43,0.232142857,2022_2617
Utah,4944320,55,51,0.072727273,2022_2618
Virginia,5129744,55,53,0.036363636,2022_2619
Florida,1239525,54,36,0.333333333,2022_2620
New Hampshire,3300933860,54,45,0.166666667,2022_2621
Massachusetts,2527060,53,37,0.301886792,2022_2622
North Carolina,37161,53,39,0.264150943,2022_2623
Washington,5340840,53,42,0.20754717,2022_2624
Wisconsin,5584675,53,36,0.320754717,2022_2625
Maryland,2401600,52,31,0.403846154,2022_2626
Utah,49047,52,47,0.096153846,2022_2627
North Carolina,37141,51,29,0.431372549,2022_2628
Minnesota,2759998,49,39,0.204081633,2022_2629
New Jersey,3473020,49,41,0.163265306,2022_2630
Nevada,3222500,48,38,0.208333333,2022_2631
Indiana,1854180,47,42,0.106382979,2022_2632
Minnesota,2769970,47,38,0.191489362,2022_2633
Iowa,1901630,46,43,0.065217391,2022_2634
Kentucky,2139142,45,24,0.466666667,2022_2635
North Carolina,37193,43,35,0.186046512,2022_2636
Florida,1228452,43,24,0.441860465,2022_2637
South Carolina,4530850,42,24,0.428571429,2022_2638
New Jersey,3428710,40,27,0.325,2022_2639
New Jersey,3424420,39,30,0.230769231,2022_2640
Florida,1245025,39,27,0.307692308,2022_2641
Virginia,5135624,39,34,0.128205128,2022_2642
Idaho,1614680,37,28,0.243243243,2022_2643
Pennsylvania,4204144832,37,20,0.459459459,2022_2644
Virginia,51047,36,28,0.222222222,2022_2645
Pennsylvania,4207183256,34,21,0.382352941,2022_2646
Minnesota,2754214,33,21,0.363636364,2022_2647
Massachusetts,2502109175,32,27,0.15625,2022_2648
Connecticut,918033900,32,27,0.15625,2022_2649
Pennsylvania,4213383432,31,30,0.032258065,2022_2650
Arizona,427400,31,23,0.258064516,2022_2651
Iowa,1911755,30,18,0.4,2022_2652
Pennsylvania,4223016,29,28,0.034482759,2022_2653
Georgia,13139,28,17,0.392857143,2022_2654
Massachusetts,2513660,27,17,0.37037037,2022_2655
South Carolina,4534045,27,20,0.259259259,2022_2656
Ohio,3977000,26,18,0.307692308,2022_2657
Oklahoma,4004450,26,20,0.230769231,2022_2658
Kansas,2039075,26,21,0.192307692,2022_2659
Massachusetts,2502150250,26,14,0.461538462,2022_2660
New Jersey,3453850,25,23,0.08,2022_2661
Virginia,5107784,25,21,0.16,2022_2662
Tennessee,4715400,25,21,0.16,2022_2663
South Carolina,45047,24,18,0.25,2022_2664
North Carolina,3702080,24,17,0.291666667,2022_2665
Vermont,5046000,24,17,0.291666667,2022_2666
Pennsylvania,4232448,23,20,0.130434783,2022_2667
Florida,1214250,23,19,0.173913043,2022_2668
Minnesota,2707948,23,18,0.217391304,2022_2669
Iowa,1957360,23,13,0.434782609,2022_2670
Missouri,29077,23,12,0.47826087,2022_2671
Rhode Island,4400542400,22,12,0.454545455,2022_2672
California,672996,21,12,0.428571429,2022_2673
Michigan,2612585480,20,17,0.15,2022_2674
Virginia,51089,19,14,0.263157895,2022_2675
Indiana,1882862,19,15,0.210526316,2022_2676
Virginia,51145,19,11,0.421052632,2022_2677
Ohio,3925704,18,11,0.388888889,2022_2678
Georgia,1324768,16,15,0.0625,2022_2679
South Carolina,45031,16,11,0.3125,2022_2680
Wyoming,56005,15,12,0.2,2022_2681
Kentucky,2163912,15,12,0.2,2022_2682
Massachusetts,2546598,15,15,0,2022_2683
Massachusetts,2539835,15,13,0.133333333,2022_2684
Alabama,1003,14,14,0,2022_2685
Ohio,3975098,14,11,0.214285714,2022_2686
Idaho,1667420,14,8,0.428571429,2022_2687
Nebraska,3128000,14,12,0.142857143,2022_2688
Tennessee,4729920,13,12,0.076923077,2022_2689
Missouri,2975220,13,11,0.153846154,2022_2690
Idaho,1654550,12,10,0.166666667,2022_2691
South Dakota,4659020,12,11,0.083333333,2022_2692
Massachusetts,2501336300,12,8,0.333333333,2022_2693
Virginia,5186160,11,6,0.454545455,2022_2694
North Dakota,3825700,10,8,0.2,2022_2695
Massachusetts,2500916250,10,9,0.1,2022_2696
California,684410,10,9,0.1,2022_2697
Massachusetts,2502340850,9,6,0.333333333,2022_2698
Minnesota,2739878,9,9,0,2022_2699
New Jersey,3421480,8,6,0.25,2022_2700
Virginia,51191,7,5,0.285714286,2022_2701
Georgia,1349756,6,5,0.166666667,2022_2702
Washington,5356695,6,5,0.166666667,2022_2703
Idaho,16031,5,5,0,2022_2704
Tennessee,47145,5,4,0.2,2022_2705
Ohio,3912000,5,4,0.2,2022_2706
Tennessee,4739560,5,5,0,2022_2707
Idaho,16057,5,4,0.2,2022_2708
Iowa,1955110,4,4,0,2022_2709
Pennsylvania,4214712,4,3,0.25,2022_2710
New Hampshire,3312900,3,3,0,2022_2711
Florida,12087,3,3,0,2022_2712
Georgia,1331908,3,2,0.333333333,2022_2713
Tennessee,4728540,2,2,0,2022_2714
New Jersey,3423910,2,2,0,2022_2715
Tennessee,4741200,1,1,0,2022_2716
California,659587,1,1,0,2022_2717
Pennsylvania,4209184888,1,1,0,2022_2718
Oregon,4164900,1,1,0,2022_2719